Product Name,URL,Price
20cmx15cm Baby Changing (Self Adhesive Sticker Label Sign),https://www.amazon.co.uk/sspa/click?ie=UTF8&spc=MTo0MzE2MzQ5Nzc4MTc2MDQyOjE3Mjg1MTI4Mjk6c3BfYXRmOjE1MDE2MDI3ODUwMDAyOjowOjo&url=%2F20cmx15cm-Changing-Adhesive-Sticker-Label%2Fdp%2FB00Z0NJ4B8%2Fref%3Dsr_1_1_sspa%3Fdib%3DeyJ2IjoiMSJ9.7mJqfynz62JyzYxW-TPumYoXzPoM75EuxGQp5jo8AUwsyR_Gzx8cKrNmPC48O2eQuH9klr1d1Owut3JilaCi6kFUAaFDvi4ZZBIwOvopCA-61x2TuHgXwNZh13vFcmh55hNU5DvybCPkD0yEgjq9ydcyckAslLlJg6HCynvr_7tZHuSzx_cd-zgb8W5PUMVcfeLs1309tkAdqcWAJRIfOGJ7eoaZh9qHeKkza_0y5dFZWN2TEh-vtpw0012vh9vEzwUW74WfVMt9WyqaoA9XWOAhXYK5UsGDYLEewRZ8yNs.CMurtAunQ4_krUCtLSmo_sK4gDNBKmzwlipe9VZHqr0%26dib_tag%3Dse%26keywords%3Dbaby%2Bproducts%26qid%3D1728512829%26sr%3D8-1-spons%26sp_csd%3Dd2lkZ2V0TmFtZT1zcF9hdGY%26psc%3D1,N/A
"Pearhead Newborn Baby Handprint or Footprint, Clean-Touch Ink Pad, Black",https://www.amazon.co.uk/Pearhead-Newborn-Handprint-Footprint-Clean-Touch/dp/B01GZP89YC/ref=sr_1_2?dib=eyJ2IjoiMSJ9.7mJqfynz62JyzYxW-TPumYoXzPoM75EuxGQp5jo8AUwsyR_Gzx8cKrNmPC48O2eQuH9klr1d1Owut3JilaCi6kFUAaFDvi4ZZBIwOvopCA-61x2TuHgXwNZh13vFcmh55hNU5DvybCPkD0yEgjq9ydcyckAslLlJg6HCynvr_7tZHuSzx_cd-zgb8W5PUMVcfeLs1309tkAdqcWAJRIfOGJ7eoaZh9qHeKkza_0y5dFZWN2TEh-vtpw0012vh9vEzwUW74WfVMt9WyqaoA9XWOAhXYK5UsGDYLEewRZ8yNs.CMurtAunQ4_krUCtLSmo_sK4gDNBKmzwlipe9VZHqr0&dib_tag=se&keywords=baby+products&qid=1728512829&sr=8-2,N/A
"Frida Baby Control The Flow Bath Rinse Cup: Rinser Cup to Wash Hair + Body, for Bath Time, Easy Grip Handle + Removable Rain Shower",https://www.amazon.co.uk/Control-Rinser-Frida-Baby-White/dp/B09X7FQL5W/ref=sr_1_3?dib=eyJ2IjoiMSJ9.7mJqfynz62JyzYxW-TPumYoXzPoM75EuxGQp5jo8AUwsyR_Gzx8cKrNmPC48O2eQuH9klr1d1Owut3JilaCi6kFUAaFDvi4ZZBIwOvopCA-61x2TuHgXwNZh13vFcmh55hNU5DvybCPkD0yEgjq9ydcyckAslLlJg6HCynvr_7tZHuSzx_cd-zgb8W5PUMVcfeLs1309tkAdqcWAJRIfOGJ7eoaZh9qHeKkza_0y5dFZWN2TEh-vtpw0012vh9vEzwUW74WfVMt9WyqaoA9XWOAhXYK5UsGDYLEewRZ8yNs.CMurtAunQ4_krUCtLSmo_sK4gDNBKmzwlipe9VZHqr0&dib_tag=se&keywords=baby+products&qid=1728512829&sr=8-3,N/A
"Colief - Baby Scalp Oil - 30ml - Soothing Moisturising Oil for Baby Scalp and Skin - Preventative of Itchy, Flaky, Dry, Damaged Skin and Cradle Cap.",https://www.amazon.co.uk/Forum-Health-Colief-Baby-Scalp/dp/B00NT1O0B2/ref=sr_1_4?dib=eyJ2IjoiMSJ9.7mJqfynz62JyzYxW-TPumYoXzPoM75EuxGQp5jo8AUwsyR_Gzx8cKrNmPC48O2eQuH9klr1d1Owut3JilaCi6kFUAaFDvi4ZZBIwOvopCA-61x2TuHgXwNZh13vFcmh55hNU5DvybCPkD0yEgjq9ydcyckAslLlJg6HCynvr_7tZHuSzx_cd-zgb8W5PUMVcfeLs1309tkAdqcWAJRIfOGJ7eoaZh9qHeKkza_0y5dFZWN2TEh-vtpw0012vh9vEzwUW74WfVMt9WyqaoA9XWOAhXYK5UsGDYLEewRZ8yNs.CMurtAunQ4_krUCtLSmo_sK4gDNBKmzwlipe9VZHqr0&dib_tag=se&keywords=baby+products&qid=1728512829&sr=8-4,N/A
"Frida Baby Medicine Soother: Medi Frida Baby Medicine Accu-Dose Pacifier, Baby Medicine Dispenser for Mess & Fuss Free Use",https://www.amazon.co.uk/Frida-Baby-Accu-Dose-Pacifier-Dispenser/dp/B08XXMFVF1/ref=sr_1_5?dib=eyJ2IjoiMSJ9.7mJqfynz62JyzYxW-TPumYoXzPoM75EuxGQp5jo8AUwsyR_Gzx8cKrNmPC48O2eQuH9klr1d1Owut3JilaCi6kFUAaFDvi4ZZBIwOvopCA-61x2TuHgXwNZh13vFcmh55hNU5DvybCPkD0yEgjq9ydcyckAslLlJg6HCynvr_7tZHuSzx_cd-zgb8W5PUMVcfeLs1309tkAdqcWAJRIfOGJ7eoaZh9qHeKkza_0y5dFZWN2TEh-vtpw0012vh9vEzwUW74WfVMt9WyqaoA9XWOAhXYK5UsGDYLEewRZ8yNs.CMurtAunQ4_krUCtLSmo_sK4gDNBKmzwlipe9VZHqr0&dib_tag=se&keywords=baby+products&qid=1728512829&sr=8-5,N/A
"Frida Baby Head-Hugging Hairbrush and Comb Set: Flexi-Brush Countors to Head, Soft Bristled Brush, for Newborns and Up, Hair Brush + Comb + Storage Case",https://www.amazon.co.uk/FridaBaby-Head-Hugging-Hairbrush-Styling-Green/dp/B09R5VH8DN/ref=sr_1_6?dib=eyJ2IjoiMSJ9.7mJqfynz62JyzYxW-TPumYoXzPoM75EuxGQp5jo8AUwsyR_Gzx8cKrNmPC48O2eQuH9klr1d1Owut3JilaCi6kFUAaFDvi4ZZBIwOvopCA-61x2TuHgXwNZh13vFcmh55hNU5DvybCPkD0yEgjq9ydcyckAslLlJg6HCynvr_7tZHuSzx_cd-zgb8W5PUMVcfeLs1309tkAdqcWAJRIfOGJ7eoaZh9qHeKkza_0y5dFZWN2TEh-vtpw0012vh9vEzwUW74WfVMt9WyqaoA9XWOAhXYK5UsGDYLEewRZ8yNs.CMurtAunQ4_krUCtLSmo_sK4gDNBKmzwlipe9VZHqr0&dib_tag=se&keywords=baby+products&qid=1728512829&sr=8-6,N/A
"YOTIME Travel Baby Bottle Brush Set with Portable Silicone Bottle Brush, Nipple Cleaner Brush, Straw Brush, Soap Dispenser and Bottle Drying Rack, Pink",https://www.amazon.co.uk/YOTIME-Extendable-Brush%EF%BC%8CNipple-Brush%EF%BC%8CMagnetic-Dispenser%EF%BC%8CBaby/dp/B09N8V7DWL/ref=sr_1_7?dib=eyJ2IjoiMSJ9.7mJqfynz62JyzYxW-TPumYoXzPoM75EuxGQp5jo8AUwsyR_Gzx8cKrNmPC48O2eQuH9klr1d1Owut3JilaCi6kFUAaFDvi4ZZBIwOvopCA-61x2TuHgXwNZh13vFcmh55hNU5DvybCPkD0yEgjq9ydcyckAslLlJg6HCynvr_7tZHuSzx_cd-zgb8W5PUMVcfeLs1309tkAdqcWAJRIfOGJ7eoaZh9qHeKkza_0y5dFZWN2TEh-vtpw0012vh9vEzwUW74WfVMt9WyqaoA9XWOAhXYK5UsGDYLEewRZ8yNs.CMurtAunQ4_krUCtLSmo_sK4gDNBKmzwlipe9VZHqr0&dib_tag=se&keywords=baby+products&qid=1728512829&sr=8-7,N/A
Mini U Styling Balm Kids - Easy to Style & Wash Hair Balm - Watermelon Scented Vegan Balm with Jojoba Oil Kids Hair Styling Products - Hair Products for Styling Toddlers & Children’s Hair - 100 ml,https://www.amazon.co.uk/Mini-U-Styling-Balm-White/dp/B09HN1FWBJ/ref=sr_1_8?dib=eyJ2IjoiMSJ9.7mJqfynz62JyzYxW-TPumYoXzPoM75EuxGQp5jo8AUwsyR_Gzx8cKrNmPC48O2eQuH9klr1d1Owut3JilaCi6kFUAaFDvi4ZZBIwOvopCA-61x2TuHgXwNZh13vFcmh55hNU5DvybCPkD0yEgjq9ydcyckAslLlJg6HCynvr_7tZHuSzx_cd-zgb8W5PUMVcfeLs1309tkAdqcWAJRIfOGJ7eoaZh9qHeKkza_0y5dFZWN2TEh-vtpw0012vh9vEzwUW74WfVMt9WyqaoA9XWOAhXYK5UsGDYLEewRZ8yNs.CMurtAunQ4_krUCtLSmo_sK4gDNBKmzwlipe9VZHqr0&dib_tag=se&keywords=baby+products&qid=1728512829&sr=8-8,N/A
"Aunt Jackies Girls Baby Curls and Twisting Cream, 15 fl oz",https://www.amazon.co.uk/Aunt-Jackies-Girls-Curls-Twisting/dp/B00MH9T98G/ref=sr_1_9?dib=eyJ2IjoiMSJ9.7mJqfynz62JyzYxW-TPumYoXzPoM75EuxGQp5jo8AUwsyR_Gzx8cKrNmPC48O2eQuH9klr1d1Owut3JilaCi6kFUAaFDvi4ZZBIwOvopCA-61x2TuHgXwNZh13vFcmh55hNU5DvybCPkD0yEgjq9ydcyckAslLlJg6HCynvr_7tZHuSzx_cd-zgb8W5PUMVcfeLs1309tkAdqcWAJRIfOGJ7eoaZh9qHeKkza_0y5dFZWN2TEh-vtpw0012vh9vEzwUW74WfVMt9WyqaoA9XWOAhXYK5UsGDYLEewRZ8yNs.CMurtAunQ4_krUCtLSmo_sK4gDNBKmzwlipe9VZHqr0&dib_tag=se&keywords=baby+products&qid=1728512829&sr=8-9,N/A
"ATTITUDE 2-in-1 Hair Shampoo and Body Wash for Baby, Plant and Mineral-Based Gentle Formula, EWG Verified, Vegan Baby Products, Unscented, 473 mL",https://www.amazon.co.uk/ATTITUDE-Hypoallergenic-Verified-Cruelty-Free-Unscented/dp/B07JVK3FBY/ref=sr_1_10?dib=eyJ2IjoiMSJ9.7mJqfynz62JyzYxW-TPumYoXzPoM75EuxGQp5jo8AUwsyR_Gzx8cKrNmPC48O2eQuH9klr1d1Owut3JilaCi6kFUAaFDvi4ZZBIwOvopCA-61x2TuHgXwNZh13vFcmh55hNU5DvybCPkD0yEgjq9ydcyckAslLlJg6HCynvr_7tZHuSzx_cd-zgb8W5PUMVcfeLs1309tkAdqcWAJRIfOGJ7eoaZh9qHeKkza_0y5dFZWN2TEh-vtpw0012vh9vEzwUW74WfVMt9WyqaoA9XWOAhXYK5UsGDYLEewRZ8yNs.CMurtAunQ4_krUCtLSmo_sK4gDNBKmzwlipe9VZHqr0&dib_tag=se&keywords=baby+products&qid=1728512829&sr=8-10,N/A
JOHNSON'S® Baby Good Morning Bundle | TOP-TO-TOE® Wash 500ml | Baby Lotion 500ml,https://www.amazon.co.uk/JOHNSONS%C2%AE-Baby-Morning-Bundle-Lotion/dp/B0D4Q9GZWG/ref=sr_1_11?dib=eyJ2IjoiMSJ9.7mJqfynz62JyzYxW-TPumYoXzPoM75EuxGQp5jo8AUwsyR_Gzx8cKrNmPC48O2eQuH9klr1d1Owut3JilaCi6kFUAaFDvi4ZZBIwOvopCA-61x2TuHgXwNZh13vFcmh55hNU5DvybCPkD0yEgjq9ydcyckAslLlJg6HCynvr_7tZHuSzx_cd-zgb8W5PUMVcfeLs1309tkAdqcWAJRIfOGJ7eoaZh9qHeKkza_0y5dFZWN2TEh-vtpw0012vh9vEzwUW74WfVMt9WyqaoA9XWOAhXYK5UsGDYLEewRZ8yNs.CMurtAunQ4_krUCtLSmo_sK4gDNBKmzwlipe9VZHqr0&dib_tag=se&keywords=baby+products&qid=1728512829&sr=8-11,N/A
SheaMoisture Coconut & Hibiscus KIDS Curling Buttercream 6oz,https://www.amazon.co.uk/SheaMoisture-Coconut-Hibiscus-Curling-Buttercream/dp/B00HWTAFUC/ref=sr_1_12?dib=eyJ2IjoiMSJ9.7mJqfynz62JyzYxW-TPumYoXzPoM75EuxGQp5jo8AUwsyR_Gzx8cKrNmPC48O2eQuH9klr1d1Owut3JilaCi6kFUAaFDvi4ZZBIwOvopCA-61x2TuHgXwNZh13vFcmh55hNU5DvybCPkD0yEgjq9ydcyckAslLlJg6HCynvr_7tZHuSzx_cd-zgb8W5PUMVcfeLs1309tkAdqcWAJRIfOGJ7eoaZh9qHeKkza_0y5dFZWN2TEh-vtpw0012vh9vEzwUW74WfVMt9WyqaoA9XWOAhXYK5UsGDYLEewRZ8yNs.CMurtAunQ4_krUCtLSmo_sK4gDNBKmzwlipe9VZHqr0&dib_tag=se&keywords=baby+products&qid=1728512829&sr=8-12,N/A
Baby Products Baby Bottle Drying Rack Dustproof Bottle Rack Dryer Portable Bottle Drying Rack with Cover and Removable Drainer Tray Baby Bottle Storage for Baby Bottles Orange,https://www.amazon.co.uk/sspa/click?ie=UTF8&spc=MTo0MzE2MzQ5Nzc4MTc2MDQyOjE3Mjg1MTI4Mjk6c3BfbXRmOjMwMDI5MzQ1MjE2NzYzMjo6MDo6&url=%2FProducts-Dustproof-Portable-Removable-Drainer%2Fdp%2FB0DCRWXSFN%2Fref%3Dsr_1_13_sspa%3Fdib%3DeyJ2IjoiMSJ9.7mJqfynz62JyzYxW-TPumYoXzPoM75EuxGQp5jo8AUwsyR_Gzx8cKrNmPC48O2eQuH9klr1d1Owut3JilaCi6kFUAaFDvi4ZZBIwOvopCA-61x2TuHgXwNZh13vFcmh55hNU5DvybCPkD0yEgjq9ydcyckAslLlJg6HCynvr_7tZHuSzx_cd-zgb8W5PUMVcfeLs1309tkAdqcWAJRIfOGJ7eoaZh9qHeKkza_0y5dFZWN2TEh-vtpw0012vh9vEzwUW74WfVMt9WyqaoA9XWOAhXYK5UsGDYLEewRZ8yNs.CMurtAunQ4_krUCtLSmo_sK4gDNBKmzwlipe9VZHqr0%26dib_tag%3Dse%26keywords%3Dbaby%2Bproducts%26qid%3D1728512829%26sr%3D8-13-spons%26sp_csd%3Dd2lkZ2V0TmFtZT1zcF9tdGY%26psc%3D1,N/A
2X Pram Tyres 12 1/2 X 2 1/4 Emmaljunga Edge Mondial Classic Baby Dan ...,https://www.amazon.co.uk/sspa/click?ie=UTF8&spc=MTo0MzE2MzQ5Nzc4MTc2MDQyOjE3Mjg1MTI4Mjk6c3BfbXRmOjIwMDY5MDk2NDA4NDAxOjowOjo&url=%2FPram-Tyres-Emmaljunga-Mondial-Classic%2Fdp%2FB01EHQLQHI%2Fref%3Dsr_1_14_sspa%3Fdib%3DeyJ2IjoiMSJ9.7mJqfynz62JyzYxW-TPumYoXzPoM75EuxGQp5jo8AUwsyR_Gzx8cKrNmPC48O2eQuH9klr1d1Owut3JilaCi6kFUAaFDvi4ZZBIwOvopCA-61x2TuHgXwNZh13vFcmh55hNU5DvybCPkD0yEgjq9ydcyckAslLlJg6HCynvr_7tZHuSzx_cd-zgb8W5PUMVcfeLs1309tkAdqcWAJRIfOGJ7eoaZh9qHeKkza_0y5dFZWN2TEh-vtpw0012vh9vEzwUW74WfVMt9WyqaoA9XWOAhXYK5UsGDYLEewRZ8yNs.CMurtAunQ4_krUCtLSmo_sK4gDNBKmzwlipe9VZHqr0%26dib_tag%3Dse%26keywords%3Dbaby%2Bproducts%26qid%3D1728512829%26sr%3D8-14-spons%26sp_csd%3Dd2lkZ2V0TmFtZT1zcF9tdGY%26psc%3D1,N/A
Generise Storage Bag for Pram Pushchair Stroller Cup Holder Baby Travel Buggy Organiser,https://www.amazon.co.uk/sspa/click?ie=UTF8&spc=MTo0MzE2MzQ5Nzc4MTc2MDQyOjE3Mjg1MTI4Mjk6c3BfbXRmOjMwMDIwNzIzODYzMzAzMjo6MDo6&url=%2FGenerise-Storage-Pushchair-Stroller-Organiser%2Fdp%2FB084VS6T95%2Fref%3Dsr_1_15_sspa%3Fdib%3DeyJ2IjoiMSJ9.7mJqfynz62JyzYxW-TPumYoXzPoM75EuxGQp5jo8AUwsyR_Gzx8cKrNmPC48O2eQuH9klr1d1Owut3JilaCi6kFUAaFDvi4ZZBIwOvopCA-61x2TuHgXwNZh13vFcmh55hNU5DvybCPkD0yEgjq9ydcyckAslLlJg6HCynvr_7tZHuSzx_cd-zgb8W5PUMVcfeLs1309tkAdqcWAJRIfOGJ7eoaZh9qHeKkza_0y5dFZWN2TEh-vtpw0012vh9vEzwUW74WfVMt9WyqaoA9XWOAhXYK5UsGDYLEewRZ8yNs.CMurtAunQ4_krUCtLSmo_sK4gDNBKmzwlipe9VZHqr0%26dib_tag%3Dse%26keywords%3Dbaby%2Bproducts%26qid%3D1728512829%26sr%3D8-15-spons%26sp_csd%3Dd2lkZ2V0TmFtZT1zcF9tdGY%26psc%3D1,6.
Lokomobile,https://www.amazon.co.uk/sspa/click?ie=UTF8&spc=MTo0MzE2MzQ5Nzc4MTc2MDQyOjE3Mjg1MTI4Mjk6c3BfbXRmOjIwMDUwODg4MTQwNTk4OjowOjo&url=%2FFlensted-f30103-Lokomobile%2Fdp%2FB000PJ76NU%2Fref%3Dsr_1_16_sspa%3Fdib%3DeyJ2IjoiMSJ9.7mJqfynz62JyzYxW-TPumYoXzPoM75EuxGQp5jo8AUwsyR_Gzx8cKrNmPC48O2eQuH9klr1d1Owut3JilaCi6kFUAaFDvi4ZZBIwOvopCA-61x2TuHgXwNZh13vFcmh55hNU5DvybCPkD0yEgjq9ydcyckAslLlJg6HCynvr_7tZHuSzx_cd-zgb8W5PUMVcfeLs1309tkAdqcWAJRIfOGJ7eoaZh9qHeKkza_0y5dFZWN2TEh-vtpw0012vh9vEzwUW74WfVMt9WyqaoA9XWOAhXYK5UsGDYLEewRZ8yNs.CMurtAunQ4_krUCtLSmo_sK4gDNBKmzwlipe9VZHqr0%26dib_tag%3Dse%26keywords%3Dbaby%2Bproducts%26qid%3D1728512829%26sr%3D8-16-spons%26sp_csd%3Dd2lkZ2V0TmFtZT1zcF9tdGY%26psc%3D1,N/A
Partisan Products Pink Giraffe Baby Girl Gift Bag With Gift Tag Newborn Baby Shower Large,https://www.amazon.co.uk/Partisan-Products-Giraffe-Newborn-Shower/dp/B0BVL9FPSJ/ref=sr_1_17?dib=eyJ2IjoiMSJ9.7mJqfynz62JyzYxW-TPumYoXzPoM75EuxGQp5jo8AUwsyR_Gzx8cKrNmPC48O2eQuH9klr1d1Owut3JilaCi6kFUAaFDvi4ZZBIwOvopCA-61x2TuHgXwNZh13vFcmh55hNU5DvybCPkD0yEgjq9ydcyckAslLlJg6HCynvr_7tZHuSzx_cd-zgb8W5PUMVcfeLs1309tkAdqcWAJRIfOGJ7eoaZh9qHeKkza_0y5dFZWN2TEh-vtpw0012vh9vEzwUW74WfVMt9WyqaoA9XWOAhXYK5UsGDYLEewRZ8yNs.CMurtAunQ4_krUCtLSmo_sK4gDNBKmzwlipe9VZHqr0&dib_tag=se&keywords=baby+products&qid=1728512829&sr=8-17,N/A
Azeta Bio Children’s Hair Smoothing and Styling Gel ***New in AIRLESS Dispenser*** 50 ml,https://www.amazon.co.uk/Azeta-Childrens-Smoothing-Styling-Dispenser/dp/B0792DYGJH/ref=sr_1_18?dib=eyJ2IjoiMSJ9.7mJqfynz62JyzYxW-TPumYoXzPoM75EuxGQp5jo8AUwsyR_Gzx8cKrNmPC48O2eQuH9klr1d1Owut3JilaCi6kFUAaFDvi4ZZBIwOvopCA-61x2TuHgXwNZh13vFcmh55hNU5DvybCPkD0yEgjq9ydcyckAslLlJg6HCynvr_7tZHuSzx_cd-zgb8W5PUMVcfeLs1309tkAdqcWAJRIfOGJ7eoaZh9qHeKkza_0y5dFZWN2TEh-vtpw0012vh9vEzwUW74WfVMt9WyqaoA9XWOAhXYK5UsGDYLEewRZ8yNs.CMurtAunQ4_krUCtLSmo_sK4gDNBKmzwlipe9VZHqr0&dib_tag=se&keywords=baby+products&qid=1728512829&sr=8-18,N/A
Partisan Products White Kraft Paper Blue Boy Baby Shower Rabbit Gift Bag With Rainbow Gift Tag Fully Recyclable Large,https://www.amazon.co.uk/Partisan-Products-Shower-Rainbow-Recyclable/dp/B0BVL9MT1D/ref=sr_1_19?dib=eyJ2IjoiMSJ9.7mJqfynz62JyzYxW-TPumYoXzPoM75EuxGQp5jo8AUwsyR_Gzx8cKrNmPC48O2eQuH9klr1d1Owut3JilaCi6kFUAaFDvi4ZZBIwOvopCA-61x2TuHgXwNZh13vFcmh55hNU5DvybCPkD0yEgjq9ydcyckAslLlJg6HCynvr_7tZHuSzx_cd-zgb8W5PUMVcfeLs1309tkAdqcWAJRIfOGJ7eoaZh9qHeKkza_0y5dFZWN2TEh-vtpw0012vh9vEzwUW74WfVMt9WyqaoA9XWOAhXYK5UsGDYLEewRZ8yNs.CMurtAunQ4_krUCtLSmo_sK4gDNBKmzwlipe9VZHqr0&dib_tag=se&keywords=baby+products&qid=1728512829&sr=8-19,N/A
Partisan Products White Kraft Paper Pink Baby Shower Girl Rabbit Gift Bag With Rainbow Gift Tag Fully Recyclable Large,https://www.amazon.co.uk/Partisan-Products-Shower-Rainbow-Recyclable/dp/B0BVL9HXLQ/ref=sr_1_20?dib=eyJ2IjoiMSJ9.7mJqfynz62JyzYxW-TPumYoXzPoM75EuxGQp5jo8AUwsyR_Gzx8cKrNmPC48O2eQuH9klr1d1Owut3JilaCi6kFUAaFDvi4ZZBIwOvopCA-61x2TuHgXwNZh13vFcmh55hNU5DvybCPkD0yEgjq9ydcyckAslLlJg6HCynvr_7tZHuSzx_cd-zgb8W5PUMVcfeLs1309tkAdqcWAJRIfOGJ7eoaZh9qHeKkza_0y5dFZWN2TEh-vtpw0012vh9vEzwUW74WfVMt9WyqaoA9XWOAhXYK5UsGDYLEewRZ8yNs.CMurtAunQ4_krUCtLSmo_sK4gDNBKmzwlipe9VZHqr0&dib_tag=se&keywords=baby+products&qid=1728512829&sr=8-20,N/A
Kids Organics 426 g Soft Hold Olive Oil Conditioning Smoothing and Styling Gel,https://www.amazon.co.uk/Kids-Organics-Conditioning-Smoothing-Styling/dp/B003GXAJ4U/ref=sr_1_21?dib=eyJ2IjoiMSJ9.7mJqfynz62JyzYxW-TPumYoXzPoM75EuxGQp5jo8AUwsyR_Gzx8cKrNmPC48O2eQuH9klr1d1Owut3JilaCi6kFUAaFDvi4ZZBIwOvopCA-61x2TuHgXwNZh13vFcmh55hNU5DvybCPkD0yEgjq9ydcyckAslLlJg6HCynvr_7tZHuSzx_cd-zgb8W5PUMVcfeLs1309tkAdqcWAJRIfOGJ7eoaZh9qHeKkza_0y5dFZWN2TEh-vtpw0012vh9vEzwUW74WfVMt9WyqaoA9XWOAhXYK5UsGDYLEewRZ8yNs.CMurtAunQ4_krUCtLSmo_sK4gDNBKmzwlipe9VZHqr0&dib_tag=se&keywords=baby+products&qid=1728512829&sr=8-21,N/A
"Baby Nail Clippers Set, Baby Nail Kit with Cute Case, Infant Manicure and Pedicure Health Grooming Care Can for Newborn, Kids and New Parents As Shower Gifts (Pink)",https://www.amazon.co.uk/Clippers-Manicure-Pedicure-Grooming-Newborn/dp/B09WVW1Q12/ref=sr_1_22?dib=eyJ2IjoiMSJ9.7mJqfynz62JyzYxW-TPumYoXzPoM75EuxGQp5jo8AUwsyR_Gzx8cKrNmPC48O2eQuH9klr1d1Owut3JilaCi6kFUAaFDvi4ZZBIwOvopCA-61x2TuHgXwNZh13vFcmh55hNU5DvybCPkD0yEgjq9ydcyckAslLlJg6HCynvr_7tZHuSzx_cd-zgb8W5PUMVcfeLs1309tkAdqcWAJRIfOGJ7eoaZh9qHeKkza_0y5dFZWN2TEh-vtpw0012vh9vEzwUW74WfVMt9WyqaoA9XWOAhXYK5UsGDYLEewRZ8yNs.CMurtAunQ4_krUCtLSmo_sK4gDNBKmzwlipe9VZHqr0&dib_tag=se&keywords=baby+products&qid=1728512829&sr=8-22,N/A
Kickers Unisex Baby Softer Hi Boots | Soft Sole | Easy Fasten | Comfortable | Cushioned,https://www.amazon.co.uk/Kickers-Unisex-Softer-Comfortable-Cushioned/dp/B0CQK284PW/ref=sr_1_23?dib=eyJ2IjoiMSJ9.7mJqfynz62JyzYxW-TPumYoXzPoM75EuxGQp5jo8AUwsyR_Gzx8cKrNmPC48O2eQuH9klr1d1Owut3JilaCi6kFUAaFDvi4ZZBIwOvopCA-61x2TuHgXwNZh13vFcmh55hNU5DvybCPkD0yEgjq9ydcyckAslLlJg6HCynvr_7tZHuSzx_cd-zgb8W5PUMVcfeLs1309tkAdqcWAJRIfOGJ7eoaZh9qHeKkza_0y5dFZWN2TEh-vtpw0012vh9vEzwUW74WfVMt9WyqaoA9XWOAhXYK5UsGDYLEewRZ8yNs.CMurtAunQ4_krUCtLSmo_sK4gDNBKmzwlipe9VZHqr0&dib_tag=se&keywords=baby+products&qid=1728512829&sr=8-23,N/A
"Prevue Pet Products Rat, Chinchilla, Baby Ferret Cage, Metal Home Crate for Small Animal Critters, Chew-Proof House with Caster Wheels, Earthtone Dusted Rose Hammertone Finish 31 inches x 20.5 inches",https://www.amazon.co.uk/Prevue-Products-Chinchilla-495-Earthtone/dp/B001W8MDKO/ref=sr_1_24?dib=eyJ2IjoiMSJ9.7mJqfynz62JyzYxW-TPumYoXzPoM75EuxGQp5jo8AUwsyR_Gzx8cKrNmPC48O2eQuH9klr1d1Owut3JilaCi6kFUAaFDvi4ZZBIwOvopCA-61x2TuHgXwNZh13vFcmh55hNU5DvybCPkD0yEgjq9ydcyckAslLlJg6HCynvr_7tZHuSzx_cd-zgb8W5PUMVcfeLs1309tkAdqcWAJRIfOGJ7eoaZh9qHeKkza_0y5dFZWN2TEh-vtpw0012vh9vEzwUW74WfVMt9WyqaoA9XWOAhXYK5UsGDYLEewRZ8yNs.CMurtAunQ4_krUCtLSmo_sK4gDNBKmzwlipe9VZHqr0&dib_tag=se&keywords=baby+products&qid=1728512829&sr=8-24,N/A
Geox Baby Girl's B Zyzie Sneaker,https://www.amazon.co.uk/Geox-Zyzie-Sneaker-White-Child/dp/B0BN6FM9DZ/ref=sr_1_25?dib=eyJ2IjoiMSJ9.7mJqfynz62JyzYxW-TPumYoXzPoM75EuxGQp5jo8AUwsyR_Gzx8cKrNmPC48O2eQuH9klr1d1Owut3JilaCi6kFUAaFDvi4ZZBIwOvopCA-61x2TuHgXwNZh13vFcmh55hNU5DvybCPkD0yEgjq9ydcyckAslLlJg6HCynvr_7tZHuSzx_cd-zgb8W5PUMVcfeLs1309tkAdqcWAJRIfOGJ7eoaZh9qHeKkza_0y5dFZWN2TEh-vtpw0012vh9vEzwUW74WfVMt9WyqaoA9XWOAhXYK5UsGDYLEewRZ8yNs.CMurtAunQ4_krUCtLSmo_sK4gDNBKmzwlipe9VZHqr0&dib_tag=se&keywords=baby+products&qid=1728512829&sr=8-25,N/A
PUMA Unisex Baby Flyer Flex Ac Inf Sneaker,https://www.amazon.co.uk/PUMA-Unisex-Flyer-Sneaker-White/dp/B08MR224VZ/ref=sr_1_26?dib=eyJ2IjoiMSJ9.7mJqfynz62JyzYxW-TPumYoXzPoM75EuxGQp5jo8AUwsyR_Gzx8cKrNmPC48O2eQuH9klr1d1Owut3JilaCi6kFUAaFDvi4ZZBIwOvopCA-61x2TuHgXwNZh13vFcmh55hNU5DvybCPkD0yEgjq9ydcyckAslLlJg6HCynvr_7tZHuSzx_cd-zgb8W5PUMVcfeLs1309tkAdqcWAJRIfOGJ7eoaZh9qHeKkza_0y5dFZWN2TEh-vtpw0012vh9vEzwUW74WfVMt9WyqaoA9XWOAhXYK5UsGDYLEewRZ8yNs.CMurtAunQ4_krUCtLSmo_sK4gDNBKmzwlipe9VZHqr0&dib_tag=se&keywords=baby+products&qid=1728512829&sr=8-26,N/A
"ATTITUDE 2-in-1 Shampoo and Body Wash for Baby, EWG Verified, Plant- and Mineral-Based Ingredients, Vegan Baby Products, Refillable Aluminum Bottle, Good Night, 473 mL",https://www.amazon.co.uk/ATTITUDE-Hypoallergenic-Mineral-Based-Ingredients-Refillable/dp/B0BVGR83Q6/ref=sr_1_27?dib=eyJ2IjoiMSJ9.7mJqfynz62JyzYxW-TPumYoXzPoM75EuxGQp5jo8AUwsyR_Gzx8cKrNmPC48O2eQuH9klr1d1Owut3JilaCi6kFUAaFDvi4ZZBIwOvopCA-61x2TuHgXwNZh13vFcmh55hNU5DvybCPkD0yEgjq9ydcyckAslLlJg6HCynvr_7tZHuSzx_cd-zgb8W5PUMVcfeLs1309tkAdqcWAJRIfOGJ7eoaZh9qHeKkza_0y5dFZWN2TEh-vtpw0012vh9vEzwUW74WfVMt9WyqaoA9XWOAhXYK5UsGDYLEewRZ8yNs.CMurtAunQ4_krUCtLSmo_sK4gDNBKmzwlipe9VZHqr0&dib_tag=se&keywords=baby+products&qid=1728512829&sr=8-27,N/A
"Tommee Tippee Baby Healthcare and Grooming Kit, 9x Essential Newborn Care Items for Home and Travel, Wipe-Clean and Waterproof Travel Case",https://www.amazon.co.uk/Tommee-Tippee-Closer-Nature-Healthcare/dp/B002IS0M32/ref=sr_1_28?dib=eyJ2IjoiMSJ9.7mJqfynz62JyzYxW-TPumYoXzPoM75EuxGQp5jo8AUwsyR_Gzx8cKrNmPC48O2eQuH9klr1d1Owut3JilaCi6kFUAaFDvi4ZZBIwOvopCA-61x2TuHgXwNZh13vFcmh55hNU5DvybCPkD0yEgjq9ydcyckAslLlJg6HCynvr_7tZHuSzx_cd-zgb8W5PUMVcfeLs1309tkAdqcWAJRIfOGJ7eoaZh9qHeKkza_0y5dFZWN2TEh-vtpw0012vh9vEzwUW74WfVMt9WyqaoA9XWOAhXYK5UsGDYLEewRZ8yNs.CMurtAunQ4_krUCtLSmo_sK4gDNBKmzwlipe9VZHqr0&dib_tag=se&keywords=baby+products&qid=1728512829&sr=8-28,N/A
"Johnson's Baby Top to Toe Wash (1 x 500 ml), Gentle & Mild Head to Toe Wash for Newborn Care, Newborn Essentials No More Tears Baby Wash, Suitable for Babies First Bath, Kids and Adults",https://www.amazon.co.uk/Johnsons-Baby-Top-Toe-Wash/dp/B09846PD5N/ref=sr_1_29?dib=eyJ2IjoiMSJ9.7mJqfynz62JyzYxW-TPumYoXzPoM75EuxGQp5jo8AUwsyR_Gzx8cKrNmPC48O2eQuH9klr1d1Owut3JilaCi6kFUAaFDvi4ZZBIwOvopCA-61x2TuHgXwNZh13vFcmh55hNU5DvybCPkD0yEgjq9ydcyckAslLlJg6HCynvr_7tZHuSzx_cd-zgb8W5PUMVcfeLs1309tkAdqcWAJRIfOGJ7eoaZh9qHeKkza_0y5dFZWN2TEh-vtpw0012vh9vEzwUW74WfVMt9WyqaoA9XWOAhXYK5UsGDYLEewRZ8yNs.CMurtAunQ4_krUCtLSmo_sK4gDNBKmzwlipe9VZHqr0&dib_tag=se&keywords=baby+products&qid=1728512829&sr=8-29,N/A
"Childs Farm | Kids Hair & Body Wash 250ml | Blackberry & Organic Apple | Suitable for Dry, Sensitive & Eczema-prone Skin",https://www.amazon.co.uk/Childs-Farm-blackberry-organic-apple/dp/B01FFXJNWM/ref=sr_1_30?dib=eyJ2IjoiMSJ9.7mJqfynz62JyzYxW-TPumYoXzPoM75EuxGQp5jo8AUwsyR_Gzx8cKrNmPC48O2eQuH9klr1d1Owut3JilaCi6kFUAaFDvi4ZZBIwOvopCA-61x2TuHgXwNZh13vFcmh55hNU5DvybCPkD0yEgjq9ydcyckAslLlJg6HCynvr_7tZHuSzx_cd-zgb8W5PUMVcfeLs1309tkAdqcWAJRIfOGJ7eoaZh9qHeKkza_0y5dFZWN2TEh-vtpw0012vh9vEzwUW74WfVMt9WyqaoA9XWOAhXYK5UsGDYLEewRZ8yNs.CMurtAunQ4_krUCtLSmo_sK4gDNBKmzwlipe9VZHqr0&dib_tag=se&keywords=baby+products&qid=1728512829&sr=8-30,N/A
Snufflebabe Bath Bubble (250ml),https://www.amazon.co.uk/Snufflebabe-5011784004660-SNUFFLEBABE-BUBBLES-250ML/dp/B0B6GQPZ7K/ref=sr_1_31?dib=eyJ2IjoiMSJ9.7mJqfynz62JyzYxW-TPumYoXzPoM75EuxGQp5jo8AUwsyR_Gzx8cKrNmPC48O2eQuH9klr1d1Owut3JilaCi6kFUAaFDvi4ZZBIwOvopCA-61x2TuHgXwNZh13vFcmh55hNU5DvybCPkD0yEgjq9ydcyckAslLlJg6HCynvr_7tZHuSzx_cd-zgb8W5PUMVcfeLs1309tkAdqcWAJRIfOGJ7eoaZh9qHeKkza_0y5dFZWN2TEh-vtpw0012vh9vEzwUW74WfVMt9WyqaoA9XWOAhXYK5UsGDYLEewRZ8yNs.CMurtAunQ4_krUCtLSmo_sK4gDNBKmzwlipe9VZHqr0&dib_tag=se&keywords=baby+products&qid=1728512829&sr=8-31,N/A
"Childs Farm | Kids Coco-Nourish Leave in Conditioner 125ml | Organic Coconut | Dry, Curly & Coily Hair | Conditions & Nourishes | Suitable for Dry, Sensitive & Eczema-prone Skin & Scalp",https://www.amazon.co.uk/Childs-Farm-Coco-Nourish-Conditioner-Detangles/dp/B094KG5QNW/ref=sr_1_32?dib=eyJ2IjoiMSJ9.7mJqfynz62JyzYxW-TPumYoXzPoM75EuxGQp5jo8AUwsyR_Gzx8cKrNmPC48O2eQuH9klr1d1Owut3JilaCi6kFUAaFDvi4ZZBIwOvopCA-61x2TuHgXwNZh13vFcmh55hNU5DvybCPkD0yEgjq9ydcyckAslLlJg6HCynvr_7tZHuSzx_cd-zgb8W5PUMVcfeLs1309tkAdqcWAJRIfOGJ7eoaZh9qHeKkza_0y5dFZWN2TEh-vtpw0012vh9vEzwUW74WfVMt9WyqaoA9XWOAhXYK5UsGDYLEewRZ8yNs.CMurtAunQ4_krUCtLSmo_sK4gDNBKmzwlipe9VZHqr0&dib_tag=se&keywords=baby+products&qid=1728512829&sr=8-32,N/A
"NUK Baby Bottle Cleanser | 500 ml | Ideal for Cleaning Baby Bottles, Teats & Accessories | Fragrance Free | pH Neutral | 100% Recycled Bottle",https://www.amazon.co.uk/NUK-Cleanser-Cleaning-Accessories-Fragrance/dp/B0921QK55P/ref=sr_1_33?dib=eyJ2IjoiMSJ9.7mJqfynz62JyzYxW-TPumYoXzPoM75EuxGQp5jo8AUwsyR_Gzx8cKrNmPC48O2eQuH9klr1d1Owut3JilaCi6kFUAaFDvi4ZZBIwOvopCA-61x2TuHgXwNZh13vFcmh55hNU5DvybCPkD0yEgjq9ydcyckAslLlJg6HCynvr_7tZHuSzx_cd-zgb8W5PUMVcfeLs1309tkAdqcWAJRIfOGJ7eoaZh9qHeKkza_0y5dFZWN2TEh-vtpw0012vh9vEzwUW74WfVMt9WyqaoA9XWOAhXYK5UsGDYLEewRZ8yNs.CMurtAunQ4_krUCtLSmo_sK4gDNBKmzwlipe9VZHqr0&dib_tag=se&keywords=baby+products&qid=1728512829&sr=8-33,N/A
"Nuby Animal Adventures Baby Gift Set – 3-Piece Keepsake Set | Comforter, Squeaker & Rattle | Gift Box Included | Suitable from Birth Multicolour",https://www.amazon.co.uk/Nuby-Animal-Adventures-Baby-Gift/dp/B0BFFCDDY5/ref=sr_1_34?dib=eyJ2IjoiMSJ9.7mJqfynz62JyzYxW-TPumYoXzPoM75EuxGQp5jo8AUwsyR_Gzx8cKrNmPC48O2eQuH9klr1d1Owut3JilaCi6kFUAaFDvi4ZZBIwOvopCA-61x2TuHgXwNZh13vFcmh55hNU5DvybCPkD0yEgjq9ydcyckAslLlJg6HCynvr_7tZHuSzx_cd-zgb8W5PUMVcfeLs1309tkAdqcWAJRIfOGJ7eoaZh9qHeKkza_0y5dFZWN2TEh-vtpw0012vh9vEzwUW74WfVMt9WyqaoA9XWOAhXYK5UsGDYLEewRZ8yNs.CMurtAunQ4_krUCtLSmo_sK4gDNBKmzwlipe9VZHqr0&dib_tag=se&keywords=baby+products&qid=1728512829&sr=8-34,N/A
"MAM Milk Formula Dispenser, Milk Powder Dispenser Pot Stores 40 g Per Serving, Milk Powder Storage Holds Three Servings, Baby Milk Powder Box, Pink, (Designs May Vary)",https://www.amazon.co.uk/MAM-Milk-Powder-Dispenser-Pink/dp/B00PDT9Q7G/ref=sr_1_35?dib=eyJ2IjoiMSJ9.7mJqfynz62JyzYxW-TPumYoXzPoM75EuxGQp5jo8AUwsyR_Gzx8cKrNmPC48O2eQuH9klr1d1Owut3JilaCi6kFUAaFDvi4ZZBIwOvopCA-61x2TuHgXwNZh13vFcmh55hNU5DvybCPkD0yEgjq9ydcyckAslLlJg6HCynvr_7tZHuSzx_cd-zgb8W5PUMVcfeLs1309tkAdqcWAJRIfOGJ7eoaZh9qHeKkza_0y5dFZWN2TEh-vtpw0012vh9vEzwUW74WfVMt9WyqaoA9XWOAhXYK5UsGDYLEewRZ8yNs.CMurtAunQ4_krUCtLSmo_sK4gDNBKmzwlipe9VZHqr0&dib_tag=se&keywords=baby+products&qid=1728512829&sr=8-35,N/A
Rubbermaid Commercial Products Horizontal Baby Changing Station FG781888LPLAT,https://www.amazon.co.uk/Rubbermaid-Commercial-Horizontal-Changing-Station/dp/B005KD8ERS/ref=sr_1_36?dib=eyJ2IjoiMSJ9.7mJqfynz62JyzYxW-TPumYoXzPoM75EuxGQp5jo8AUwsyR_Gzx8cKrNmPC48O2eQuH9klr1d1Owut3JilaCi6kFUAaFDvi4ZZBIwOvopCA-61x2TuHgXwNZh13vFcmh55hNU5DvybCPkD0yEgjq9ydcyckAslLlJg6HCynvr_7tZHuSzx_cd-zgb8W5PUMVcfeLs1309tkAdqcWAJRIfOGJ7eoaZh9qHeKkza_0y5dFZWN2TEh-vtpw0012vh9vEzwUW74WfVMt9WyqaoA9XWOAhXYK5UsGDYLEewRZ8yNs.CMurtAunQ4_krUCtLSmo_sK4gDNBKmzwlipe9VZHqr0&dib_tag=se&keywords=baby+products&qid=1728512829&sr=8-36,N/A
Soft & Precious Baby Products Nursery Jelly Baby Powder Scent Skin Protectant 13 oz / 368 g,https://www.amazon.co.uk/Soft-Precious-Products-Nursery-Protectant/dp/B01KOVMAXE/ref=sr_1_37?dib=eyJ2IjoiMSJ9.7mJqfynz62JyzYxW-TPumYoXzPoM75EuxGQp5jo8AUwsyR_Gzx8cKrNmPC48O2eQuH9klr1d1Owut3JilaCi6kFUAaFDvi4ZZBIwOvopCA-61x2TuHgXwNZh13vFcmh55hNU5DvybCPkD0yEgjq9ydcyckAslLlJg6HCynvr_7tZHuSzx_cd-zgb8W5PUMVcfeLs1309tkAdqcWAJRIfOGJ7eoaZh9qHeKkza_0y5dFZWN2TEh-vtpw0012vh9vEzwUW74WfVMt9WyqaoA9XWOAhXYK5UsGDYLEewRZ8yNs.CMurtAunQ4_krUCtLSmo_sK4gDNBKmzwlipe9VZHqr0&dib_tag=se&keywords=baby+products&qid=1728512829&sr=8-37,N/A
Simple Joys by Carter's Baby Boys' Sweater,https://www.amazon.co.uk/Simple-Joys-Carters-4-Piece-Textured/dp/B09VVM7HT2/ref=sr_1_38?dib=eyJ2IjoiMSJ9.7mJqfynz62JyzYxW-TPumYoXzPoM75EuxGQp5jo8AUwsyR_Gzx8cKrNmPC48O2eQuH9klr1d1Owut3JilaCi6kFUAaFDvi4ZZBIwOvopCA-61x2TuHgXwNZh13vFcmh55hNU5DvybCPkD0yEgjq9ydcyckAslLlJg6HCynvr_7tZHuSzx_cd-zgb8W5PUMVcfeLs1309tkAdqcWAJRIfOGJ7eoaZh9qHeKkza_0y5dFZWN2TEh-vtpw0012vh9vEzwUW74WfVMt9WyqaoA9XWOAhXYK5UsGDYLEewRZ8yNs.CMurtAunQ4_krUCtLSmo_sK4gDNBKmzwlipe9VZHqr0&dib_tag=se&keywords=baby+products&qid=1728512829&sr=8-38,19.
"Z&N PRODUCT Baby Size 2 Tassels Quality Black Cowhide Leather, Scottish Kilt Sporran + Belt Set",https://www.amazon.co.uk/Tassels-Quality-Cowhide-Leather-Scottish/dp/B01ICXSW4W/ref=sr_1_39?dib=eyJ2IjoiMSJ9.7mJqfynz62JyzYxW-TPumYoXzPoM75EuxGQp5jo8AUwsyR_Gzx8cKrNmPC48O2eQuH9klr1d1Owut3JilaCi6kFUAaFDvi4ZZBIwOvopCA-61x2TuHgXwNZh13vFcmh55hNU5DvybCPkD0yEgjq9ydcyckAslLlJg6HCynvr_7tZHuSzx_cd-zgb8W5PUMVcfeLs1309tkAdqcWAJRIfOGJ7eoaZh9qHeKkza_0y5dFZWN2TEh-vtpw0012vh9vEzwUW74WfVMt9WyqaoA9XWOAhXYK5UsGDYLEewRZ8yNs.CMurtAunQ4_krUCtLSmo_sK4gDNBKmzwlipe9VZHqr0&dib_tag=se&keywords=baby+products&qid=1728512829&sr=8-39,N/A
"S.C. Products Fish Shampoo Kids Rinse Cup | Tear-Free Baby Rinser Cup and Bath Pail for Kids - Durable, BPA-Free, Safe, and Ergonomic Design for Hassle-Free Bathing | Blue",https://www.amazon.co.uk/Shampoo-Rinse-Rinser-Three-Choices/dp/B08W7CDRL7/ref=sr_1_40?dib=eyJ2IjoiMSJ9.7mJqfynz62JyzYxW-TPumYoXzPoM75EuxGQp5jo8AUwsyR_Gzx8cKrNmPC48O2eQuH9klr1d1Owut3JilaCi6kFUAaFDvi4ZZBIwOvopCA-61x2TuHgXwNZh13vFcmh55hNU5DvybCPkD0yEgjq9ydcyckAslLlJg6HCynvr_7tZHuSzx_cd-zgb8W5PUMVcfeLs1309tkAdqcWAJRIfOGJ7eoaZh9qHeKkza_0y5dFZWN2TEh-vtpw0012vh9vEzwUW74WfVMt9WyqaoA9XWOAhXYK5UsGDYLEewRZ8yNs.CMurtAunQ4_krUCtLSmo_sK4gDNBKmzwlipe9VZHqr0&dib_tag=se&keywords=baby+products&qid=1728512829&sr=8-40,18.
Baby Products Baby Camping Chair Foldable Baby Beach Chair with Umbrella ＆ Tray Stable Toddler Camping Chair 66lbs Loads Travel High Chair with Safety Belt for Baby 6 Month + Camping,https://www.amazon.co.uk/Products-Camping-Foldable-Umbrella-Toddler/dp/B0DCRPH5TN/ref=sr_1_41?dib=eyJ2IjoiMSJ9.7mJqfynz62JyzYxW-TPumYoXzPoM75EuxGQp5jo8AUwsyR_Gzx8cKrNmPC48O2eQuH9klr1d1Owut3JilaCi6kFUAaFDvi4ZZBIwOvopCA-61x2TuHgXwNZh13vFcmh55hNU5DvybCPkD0yEgjq9ydcyckAslLlJg6HCynvr_7tZHuSzx_cd-zgb8W5PUMVcfeLs1309tkAdqcWAJRIfOGJ7eoaZh9qHeKkza_0y5dFZWN2TEh-vtpw0012vh9vEzwUW74WfVMt9WyqaoA9XWOAhXYK5UsGDYLEewRZ8yNs.CMurtAunQ4_krUCtLSmo_sK4gDNBKmzwlipe9VZHqr0&dib_tag=se&keywords=baby+products&qid=1728512829&sr=8-41,N/A
Partisan Products White Kraft Paper Welcome Baby Blue Boy Rabbit Gift Bag with Gift Tag Fully Recyclable Newborn Large,https://www.amazon.co.uk/Partisan-Products-Welcome-Recyclable-Newborn/dp/B0BVL9W5GD/ref=sr_1_42?dib=eyJ2IjoiMSJ9.7mJqfynz62JyzYxW-TPumYoXzPoM75EuxGQp5jo8AUwsyR_Gzx8cKrNmPC48O2eQuH9klr1d1Owut3JilaCi6kFUAaFDvi4ZZBIwOvopCA-61x2TuHgXwNZh13vFcmh55hNU5DvybCPkD0yEgjq9ydcyckAslLlJg6HCynvr_7tZHuSzx_cd-zgb8W5PUMVcfeLs1309tkAdqcWAJRIfOGJ7eoaZh9qHeKkza_0y5dFZWN2TEh-vtpw0012vh9vEzwUW74WfVMt9WyqaoA9XWOAhXYK5UsGDYLEewRZ8yNs.CMurtAunQ4_krUCtLSmo_sK4gDNBKmzwlipe9VZHqr0&dib_tag=se&keywords=baby+products&qid=1728512829&sr=8-42,N/A
Bexdug Baby Toy Learning Table - Battery Powered Learning Table Toy | Baby Products Baby Activity Center for Baby Shower Parties Gatherings,https://www.amazon.co.uk/Bexdug-Baby-Toy-Learning-Table/dp/B0BWQ1SSR4/ref=sr_1_43?dib=eyJ2IjoiMSJ9.7mJqfynz62JyzYxW-TPumYoXzPoM75EuxGQp5jo8AUwsyR_Gzx8cKrNmPC48O2eQuH9klr1d1Owut3JilaCi6kFUAaFDvi4ZZBIwOvopCA-61x2TuHgXwNZh13vFcmh55hNU5DvybCPkD0yEgjq9ydcyckAslLlJg6HCynvr_7tZHuSzx_cd-zgb8W5PUMVcfeLs1309tkAdqcWAJRIfOGJ7eoaZh9qHeKkza_0y5dFZWN2TEh-vtpw0012vh9vEzwUW74WfVMt9WyqaoA9XWOAhXYK5UsGDYLEewRZ8yNs.CMurtAunQ4_krUCtLSmo_sK4gDNBKmzwlipe9VZHqr0&dib_tag=se&keywords=baby+products&qid=1728512829&sr=8-43,N/A
"Disney Winnie the Pooh Girls' Hat Pack of 2 – 2 Designs, Size 62/68, Grey, pink, white, 3-6 Months",https://www.amazon.co.uk/Mickey-Minnie-Winnie-Designs-Months/dp/B09PF53FF3/ref=sr_1_44?dib=eyJ2IjoiMSJ9.7mJqfynz62JyzYxW-TPumYoXzPoM75EuxGQp5jo8AUwsyR_Gzx8cKrNmPC48O2eQuH9klr1d1Owut3JilaCi6kFUAaFDvi4ZZBIwOvopCA-61x2TuHgXwNZh13vFcmh55hNU5DvybCPkD0yEgjq9ydcyckAslLlJg6HCynvr_7tZHuSzx_cd-zgb8W5PUMVcfeLs1309tkAdqcWAJRIfOGJ7eoaZh9qHeKkza_0y5dFZWN2TEh-vtpw0012vh9vEzwUW74WfVMt9WyqaoA9XWOAhXYK5UsGDYLEewRZ8yNs.CMurtAunQ4_krUCtLSmo_sK4gDNBKmzwlipe9VZHqr0&dib_tag=se&keywords=baby+products&qid=1728512829&sr=8-44,N/A
Baby Products Baby Camping Chair 13.4x13.4x17'' Oxford Cloth Folding Portable High Chair with Removable Tray Anti-Tipping Toddler Camping Chair for Baby Kids Less Than 30kg,https://www.amazon.co.uk/Products-13-4x13-4x17-Portable-Removable-Anti-Tipping/dp/B0DCRL7S22/ref=sr_1_45?dib=eyJ2IjoiMSJ9.7mJqfynz62JyzYxW-TPumYoXzPoM75EuxGQp5jo8AUwsyR_Gzx8cKrNmPC48O2eQuH9klr1d1Owut3JilaCi6kFUAaFDvi4ZZBIwOvopCA-61x2TuHgXwNZh13vFcmh55hNU5DvybCPkD0yEgjq9ydcyckAslLlJg6HCynvr_7tZHuSzx_cd-zgb8W5PUMVcfeLs1309tkAdqcWAJRIfOGJ7eoaZh9qHeKkza_0y5dFZWN2TEh-vtpw0012vh9vEzwUW74WfVMt9WyqaoA9XWOAhXYK5UsGDYLEewRZ8yNs.CMurtAunQ4_krUCtLSmo_sK4gDNBKmzwlipe9VZHqr0&dib_tag=se&keywords=baby+products&qid=1728512829&sr=8-45,N/A
"Mickey Mouse, Minnie Mouse, Winnie the Pooh Hats, Pack of 2, 2 Designs (Winnie the Pooh, Black, White), 62/68, blau, grau, 3-6 Months",https://www.amazon.co.uk/Mickey-Minnie-Winnie-Designs-Months/dp/B09PF43LMY/ref=sr_1_46?dib=eyJ2IjoiMSJ9.7mJqfynz62JyzYxW-TPumYoXzPoM75EuxGQp5jo8AUwsyR_Gzx8cKrNmPC48O2eQuH9klr1d1Owut3JilaCi6kFUAaFDvi4ZZBIwOvopCA-61x2TuHgXwNZh13vFcmh55hNU5DvybCPkD0yEgjq9ydcyckAslLlJg6HCynvr_7tZHuSzx_cd-zgb8W5PUMVcfeLs1309tkAdqcWAJRIfOGJ7eoaZh9qHeKkza_0y5dFZWN2TEh-vtpw0012vh9vEzwUW74WfVMt9WyqaoA9XWOAhXYK5UsGDYLEewRZ8yNs.CMurtAunQ4_krUCtLSmo_sK4gDNBKmzwlipe9VZHqr0&dib_tag=se&keywords=baby+products&qid=1728512829&sr=8-46,N/A
Puma Unisex Baby Anzarun Lite Ac Inf Sneaker,https://www.amazon.co.uk/Puma-Unisex-Anzarun-Sneaker-White-Club/dp/B0CNKMQPVL/ref=sr_1_47?dib=eyJ2IjoiMSJ9.7mJqfynz62JyzYxW-TPumYoXzPoM75EuxGQp5jo8AUwsyR_Gzx8cKrNmPC48O2eQuH9klr1d1Owut3JilaCi6kFUAaFDvi4ZZBIwOvopCA-61x2TuHgXwNZh13vFcmh55hNU5DvybCPkD0yEgjq9ydcyckAslLlJg6HCynvr_7tZHuSzx_cd-zgb8W5PUMVcfeLs1309tkAdqcWAJRIfOGJ7eoaZh9qHeKkza_0y5dFZWN2TEh-vtpw0012vh9vEzwUW74WfVMt9WyqaoA9XWOAhXYK5UsGDYLEewRZ8yNs.CMurtAunQ4_krUCtLSmo_sK4gDNBKmzwlipe9VZHqr0&dib_tag=se&keywords=baby+products&qid=1728512829&sr=8-47,N/A
Cry Babies Sparkly Reusable Stickers | Official Licensed Product | Reusable on Non-Porous Surfaces,https://www.amazon.co.uk/Reusable-Stickers-Official-Licensed-Non-Porous/dp/B0C81BK121/ref=sr_1_48?dib=eyJ2IjoiMSJ9.7mJqfynz62JyzYxW-TPumYoXzPoM75EuxGQp5jo8AUwsyR_Gzx8cKrNmPC48O2eQuH9klr1d1Owut3JilaCi6kFUAaFDvi4ZZBIwOvopCA-61x2TuHgXwNZh13vFcmh55hNU5DvybCPkD0yEgjq9ydcyckAslLlJg6HCynvr_7tZHuSzx_cd-zgb8W5PUMVcfeLs1309tkAdqcWAJRIfOGJ7eoaZh9qHeKkza_0y5dFZWN2TEh-vtpw0012vh9vEzwUW74WfVMt9WyqaoA9XWOAhXYK5UsGDYLEewRZ8yNs.CMurtAunQ4_krUCtLSmo_sK4gDNBKmzwlipe9VZHqr0&dib_tag=se&keywords=baby+products&qid=1728512829&sr=8-48,N/A
SCANDINAVIAN BABY PRODUCTS Filibabba - Kids sunglasses in recycled plastic - Peach Caramel,https://www.amazon.co.uk/Scandinavian-Baby-Products-Filibabba-sunglasses/dp/B0C2LC6V8V/ref=sr_1_49?dib=eyJ2IjoiMSJ9.7mJqfynz62JyzYxW-TPumYoXzPoM75EuxGQp5jo8AUwsyR_Gzx8cKrNmPC48O2eQuH9klr1d1Owut3JilaCi6kFUAaFDvi4ZZBIwOvopCA-61x2TuHgXwNZh13vFcmh55hNU5DvybCPkD0yEgjq9ydcyckAslLlJg6HCynvr_7tZHuSzx_cd-zgb8W5PUMVcfeLs1309tkAdqcWAJRIfOGJ7eoaZh9qHeKkza_0y5dFZWN2TEh-vtpw0012vh9vEzwUW74WfVMt9WyqaoA9XWOAhXYK5UsGDYLEewRZ8yNs.CMurtAunQ4_krUCtLSmo_sK4gDNBKmzwlipe9VZHqr0&dib_tag=se&keywords=baby+products&qid=1728512829&sr=8-49,23.
"Baoblaze Diaper Bag Tote Bag Mummy Makeup Bag Baby Products Organizer Multi Pockets Travel Bag Handbag Practical Mommy Bag Storage Bag, Green",https://www.amazon.co.uk/Baoblaze-Products-Organizer-Pockets-Practical/dp/B0D5C1QJG8/ref=sr_1_50?dib=eyJ2IjoiMSJ9.7mJqfynz62JyzYxW-TPumYoXzPoM75EuxGQp5jo8AUwsyR_Gzx8cKrNmPC48O2eQuH9klr1d1Owut3JilaCi6kFUAaFDvi4ZZBIwOvopCA-61x2TuHgXwNZh13vFcmh55hNU5DvybCPkD0yEgjq9ydcyckAslLlJg6HCynvr_7tZHuSzx_cd-zgb8W5PUMVcfeLs1309tkAdqcWAJRIfOGJ7eoaZh9qHeKkza_0y5dFZWN2TEh-vtpw0012vh9vEzwUW74WfVMt9WyqaoA9XWOAhXYK5UsGDYLEewRZ8yNs.CMurtAunQ4_krUCtLSmo_sK4gDNBKmzwlipe9VZHqr0&dib_tag=se&keywords=baby+products&qid=1728512829&sr=8-50,10.
Ericetion Baby Mittens 3 Pairs Cute Cartoon Baby Gloves Infant Pure Cotton Anti Scratch Mittens Newborn Care Product,https://www.amazon.co.uk/Ericetion-Mittens-Cartoon-Scratch-Newborn/dp/B09WJXZM9N/ref=sr_1_51?dib=eyJ2IjoiMSJ9.7mJqfynz62JyzYxW-TPumYoXzPoM75EuxGQp5jo8AUwsyR_Gzx8cKrNmPC48O2eQuH9klr1d1Owut3JilaCi6kFUAaFDvi4ZZBIwOvopCA-61x2TuHgXwNZh13vFcmh55hNU5DvybCPkD0yEgjq9ydcyckAslLlJg6HCynvr_7tZHuSzx_cd-zgb8W5PUMVcfeLs1309tkAdqcWAJRIfOGJ7eoaZh9qHeKkza_0y5dFZWN2TEh-vtpw0012vh9vEzwUW74WfVMt9WyqaoA9XWOAhXYK5UsGDYLEewRZ8yNs.CMurtAunQ4_krUCtLSmo_sK4gDNBKmzwlipe9VZHqr0&dib_tag=se&keywords=baby+products&qid=1728512829&sr=8-51,N/A
SCANDINAVIAN BABY PRODUCTS Filibabba - Kids sunglasses in recycled plastic - Pearl Blue,https://www.amazon.co.uk/Scandinavian-Baby-Products-Filibabba-sunglasses/dp/B0C2LCPSPP/ref=sr_1_52?dib=eyJ2IjoiMSJ9.7mJqfynz62JyzYxW-TPumYoXzPoM75EuxGQp5jo8AUwsyR_Gzx8cKrNmPC48O2eQuH9klr1d1Owut3JilaCi6kFUAaFDvi4ZZBIwOvopCA-61x2TuHgXwNZh13vFcmh55hNU5DvybCPkD0yEgjq9ydcyckAslLlJg6HCynvr_7tZHuSzx_cd-zgb8W5PUMVcfeLs1309tkAdqcWAJRIfOGJ7eoaZh9qHeKkza_0y5dFZWN2TEh-vtpw0012vh9vEzwUW74WfVMt9WyqaoA9XWOAhXYK5UsGDYLEewRZ8yNs.CMurtAunQ4_krUCtLSmo_sK4gDNBKmzwlipe9VZHqr0&dib_tag=se&keywords=baby+products&qid=1728512829&sr=8-52,24.
"VIccoo Doorknob Pad Case, Home Door Handle Knob Silicone doorknob Safety Cover Guard Protector Baby Protector Child Protection Products Anti-collision - Beige",https://www.amazon.co.uk/VIccoo-Doorknob-Protector-Protection-Anti-collision/dp/B0836W6CCQ/ref=sr_1_53?dib=eyJ2IjoiMSJ9.7mJqfynz62JyzYxW-TPumYoXzPoM75EuxGQp5jo8AUwsyR_Gzx8cKrNmPC48O2eQuH9klr1d1Owut3JilaCi6kFUAaFDvi4ZZBIwOvopCA-61x2TuHgXwNZh13vFcmh55hNU5DvybCPkD0yEgjq9ydcyckAslLlJg6HCynvr_7tZHuSzx_cd-zgb8W5PUMVcfeLs1309tkAdqcWAJRIfOGJ7eoaZh9qHeKkza_0y5dFZWN2TEh-vtpw0012vh9vEzwUW74WfVMt9WyqaoA9XWOAhXYK5UsGDYLEewRZ8yNs.CMurtAunQ4_krUCtLSmo_sK4gDNBKmzwlipe9VZHqr0&dib_tag=se&keywords=baby+products&qid=1728512829&sr=8-53,N/A
"Baby Grooming Kit, Travel Daily Care Baby Stuff Kit, Baby for Newborn Heath & Grooming, Blue",https://www.amazon.co.uk/sspa/click?ie=UTF8&spc=MTo0MzE2MzQ5Nzc4MTc2MDQyOjE3Mjg1MTI4Mjk6c3BfYnRmOjMwMDEwNzQ5NTY1NTIzMjo6MDo6&url=%2FGrooming-Travel-Daily-Essentials-Newborn%2Fdp%2FB09CDH5WS9%2Fref%3Dsr_1_54_sspa%3Fdib%3DeyJ2IjoiMSJ9.7mJqfynz62JyzYxW-TPumYoXzPoM75EuxGQp5jo8AUwsyR_Gzx8cKrNmPC48O2eQuH9klr1d1Owut3JilaCi6kFUAaFDvi4ZZBIwOvopCA-61x2TuHgXwNZh13vFcmh55hNU5DvybCPkD0yEgjq9ydcyckAslLlJg6HCynvr_7tZHuSzx_cd-zgb8W5PUMVcfeLs1309tkAdqcWAJRIfOGJ7eoaZh9qHeKkza_0y5dFZWN2TEh-vtpw0012vh9vEzwUW74WfVMt9WyqaoA9XWOAhXYK5UsGDYLEewRZ8yNs.CMurtAunQ4_krUCtLSmo_sK4gDNBKmzwlipe9VZHqr0%26dib_tag%3Dse%26keywords%3Dbaby%2Bproducts%26qid%3D1728512829%26sr%3D8-54-spons%26sp_csd%3Dd2lkZ2V0TmFtZT1zcF9idGY%26psc%3D1,N/A
"Arrows Design - Blissfully Soft Newborn Baby Fleece Fur Back Blankets - Great for Travel (car seat), Pram/Pushchair, Cot, Moses Basket (Yellow)",https://www.amazon.co.uk/sspa/click?ie=UTF8&spc=MTo0MzE2MzQ5Nzc4MTc2MDQyOjE3Mjg1MTI4Mjk6c3BfYnRmOjIwMDI2NDI1ODAyODAyOjowOjo&url=%2FArrows-Design-Blissfully-Blankets-Pushchair%2Fdp%2FB07WMTBH5M%2Fref%3Dsr_1_55_sspa%3Fdib%3DeyJ2IjoiMSJ9.7mJqfynz62JyzYxW-TPumYoXzPoM75EuxGQp5jo8AUwsyR_Gzx8cKrNmPC48O2eQuH9klr1d1Owut3JilaCi6kFUAaFDvi4ZZBIwOvopCA-61x2TuHgXwNZh13vFcmh55hNU5DvybCPkD0yEgjq9ydcyckAslLlJg6HCynvr_7tZHuSzx_cd-zgb8W5PUMVcfeLs1309tkAdqcWAJRIfOGJ7eoaZh9qHeKkza_0y5dFZWN2TEh-vtpw0012vh9vEzwUW74WfVMt9WyqaoA9XWOAhXYK5UsGDYLEewRZ8yNs.CMurtAunQ4_krUCtLSmo_sK4gDNBKmzwlipe9VZHqr0%26dib_tag%3Dse%26keywords%3Dbaby%2Bproducts%26qid%3D1728512829%26sr%3D8-55-spons%26sp_csd%3Dd2lkZ2V0TmFtZT1zcF9idGY%26psc%3D1,N/A
"8Pcs/Set Baby Grooming Kit, Baby Healthcare And Grooming Kit, Safe Baby Nail Kit Hair Thermometer Set Newborn Nursery Essential with Storage Case 1",https://www.amazon.co.uk/sspa/click?ie=UTF8&spc=MTo0MzE2MzQ5Nzc4MTc2MDQyOjE3Mjg1MTI4Mjk6c3BfYnRmOjMwMDIxMDAyMjk0NTUzMjo6MDo6&url=%2FGrooming-Healthcare-Thermometer-Newborn-Essential%2Fdp%2FB0CQ4R53BK%2Fref%3Dsr_1_56_sspa%3Fdib%3DeyJ2IjoiMSJ9.7mJqfynz62JyzYxW-TPumYoXzPoM75EuxGQp5jo8AUwsyR_Gzx8cKrNmPC48O2eQuH9klr1d1Owut3JilaCi6kFUAaFDvi4ZZBIwOvopCA-61x2TuHgXwNZh13vFcmh55hNU5DvybCPkD0yEgjq9ydcyckAslLlJg6HCynvr_7tZHuSzx_cd-zgb8W5PUMVcfeLs1309tkAdqcWAJRIfOGJ7eoaZh9qHeKkza_0y5dFZWN2TEh-vtpw0012vh9vEzwUW74WfVMt9WyqaoA9XWOAhXYK5UsGDYLEewRZ8yNs.CMurtAunQ4_krUCtLSmo_sK4gDNBKmzwlipe9VZHqr0%26dib_tag%3Dse%26keywords%3Dbaby%2Bproducts%26qid%3D1728512829%26sr%3D8-56-spons%26sp_csd%3Dd2lkZ2V0TmFtZT1zcF9idGY%26psc%3D1,N/A
3D DIY Footprint Imprint Infant Baby Non-toxic Photo Frame Souvenirs Gifts Soft Clay Handprint Kit Casting Home Decor,https://www.amazon.co.uk/sspa/click?ie=UTF8&spc=MTo0MzE2MzQ5Nzc4MTc2MDQyOjE3Mjg1MTI4Mjk6c3BfYnRmOjIwMDY1MjIwNDk5MzA3OjowOjo&url=%2FBYFRI-Footprint-Non-toxic-Souvenirs-Handprint%2Fdp%2FB08JGJX5ZC%2Fref%3Dsr_1_57_sspa%3Fdib%3DeyJ2IjoiMSJ9.7mJqfynz62JyzYxW-TPumYoXzPoM75EuxGQp5jo8AUwsyR_Gzx8cKrNmPC48O2eQuH9klr1d1Owut3JilaCi6kFUAaFDvi4ZZBIwOvopCA-61x2TuHgXwNZh13vFcmh55hNU5DvybCPkD0yEgjq9ydcyckAslLlJg6HCynvr_7tZHuSzx_cd-zgb8W5PUMVcfeLs1309tkAdqcWAJRIfOGJ7eoaZh9qHeKkza_0y5dFZWN2TEh-vtpw0012vh9vEzwUW74WfVMt9WyqaoA9XWOAhXYK5UsGDYLEewRZ8yNs.CMurtAunQ4_krUCtLSmo_sK4gDNBKmzwlipe9VZHqr0%26dib_tag%3Dse%26keywords%3Dbaby%2Bproducts%26qid%3D1728512829%26sr%3D8-57-spons%26sp_csd%3Dd2lkZ2V0TmFtZT1zcF9idGY%26psc%3D1,N/A
"Baby Grooming Kit, Travel Daily Care Baby Stuff Kit, Baby for Newborn Heath & Grooming, Blue",https://www.amazon.co.uk/sspa/click?ie=UTF8&spc=MToyMzk4Mzk3MDI5NzcyNzQwOjE3Mjg1MTI4MzI6c3BfYXRmX25leHQ6MzAwMTA3NDk1NjU1MjMyOjowOjo&url=%2FGrooming-Travel-Daily-Essentials-Newborn%2Fdp%2FB09CDH5WS9%2Fref%3Dsr_1_49_sspa%3Fdib%3DeyJ2IjoiMSJ9.G56y4h-fKvvtKimyeBXqdOOBYqpXkOaNs8wSGrjg1ZxjvXUEA5zcOAZNENUKZFzSxq48DDKv5khcTW52iZaRqz2bRQfAy2ggzgtnkBc7SGXPiJTTUHXHOTPVv_j34IyN3skkiRz3ezbqRXj4PG39AZ40rcPzMR6CXz7bOQURYtTrmtTLgpsKuoyK8Y860Q6WrwvDkJmLJCDRNovaKIFMYGjJucLUdtSIM0gnNOybQHo5ZwaC8pjWXadaP6JyZjsvwhyEu0EZLoGerc2y51ryj8aMePTvVA3bQu5wYEkgSmw.3zV3v2mw-5BIn8I4axJre1mb8BlmKwb_wIRY02llgqE%26dib_tag%3Dse%26keywords%3Dbaby%2Bproducts%26qid%3D1728512832%26sr%3D8-49-spons%26sp_csd%3Dd2lkZ2V0TmFtZT1zcF9hdGZfbmV4dA%26psc%3D1,N/A
20cmx15cm Baby Changing (Self Adhesive Sticker Label Sign),https://www.amazon.co.uk/sspa/click?ie=UTF8&spc=MToyMzk4Mzk3MDI5NzcyNzQwOjE3Mjg1MTI4MzI6c3BfYXRmX25leHQ6MTUwMTYwMjc4NTAwMDI6OjA6Og&url=%2F20cmx15cm-Changing-Adhesive-Sticker-Label%2Fdp%2FB00Z0NJ4B8%2Fref%3Dsr_1_50_sspa%3Fdib%3DeyJ2IjoiMSJ9.G56y4h-fKvvtKimyeBXqdOOBYqpXkOaNs8wSGrjg1ZxjvXUEA5zcOAZNENUKZFzSxq48DDKv5khcTW52iZaRqz2bRQfAy2ggzgtnkBc7SGXPiJTTUHXHOTPVv_j34IyN3skkiRz3ezbqRXj4PG39AZ40rcPzMR6CXz7bOQURYtTrmtTLgpsKuoyK8Y860Q6WrwvDkJmLJCDRNovaKIFMYGjJucLUdtSIM0gnNOybQHo5ZwaC8pjWXadaP6JyZjsvwhyEu0EZLoGerc2y51ryj8aMePTvVA3bQu5wYEkgSmw.3zV3v2mw-5BIn8I4axJre1mb8BlmKwb_wIRY02llgqE%26dib_tag%3Dse%26keywords%3Dbaby%2Bproducts%26qid%3D1728512832%26sr%3D8-50-spons%26sp_csd%3Dd2lkZ2V0TmFtZT1zcF9hdGZfbmV4dA%26psc%3D1,N/A
Generise Storage Bag for Pram Pushchair Stroller Cup Holder Baby Travel Buggy Organiser,https://www.amazon.co.uk/sspa/click?ie=UTF8&spc=MToyMzk4Mzk3MDI5NzcyNzQwOjE3Mjg1MTI4MzI6c3BfYXRmX25leHQ6MzAwMjA3MjM4NjMzMDMyOjowOjo&url=%2FGenerise-Storage-Pushchair-Stroller-Organiser%2Fdp%2FB084VS6T95%2Fref%3Dsr_1_51_sspa%3Fdib%3DeyJ2IjoiMSJ9.G56y4h-fKvvtKimyeBXqdOOBYqpXkOaNs8wSGrjg1ZxjvXUEA5zcOAZNENUKZFzSxq48DDKv5khcTW52iZaRqz2bRQfAy2ggzgtnkBc7SGXPiJTTUHXHOTPVv_j34IyN3skkiRz3ezbqRXj4PG39AZ40rcPzMR6CXz7bOQURYtTrmtTLgpsKuoyK8Y860Q6WrwvDkJmLJCDRNovaKIFMYGjJucLUdtSIM0gnNOybQHo5ZwaC8pjWXadaP6JyZjsvwhyEu0EZLoGerc2y51ryj8aMePTvVA3bQu5wYEkgSmw.3zV3v2mw-5BIn8I4axJre1mb8BlmKwb_wIRY02llgqE%26dib_tag%3Dse%26keywords%3Dbaby%2Bproducts%26qid%3D1728512832%26sr%3D8-51-spons%26sp_csd%3Dd2lkZ2V0TmFtZT1zcF9hdGZfbmV4dA%26psc%3D1,6.
2X Pram Tyres 12 1/2 X 2 1/4 Emmaljunga Edge Mondial Classic Baby Dan ...,https://www.amazon.co.uk/sspa/click?ie=UTF8&spc=MToyMzk4Mzk3MDI5NzcyNzQwOjE3Mjg1MTI4MzI6c3BfYXRmX25leHQ6MjAwNjkwOTY0MDg0MDE6OjA6Og&url=%2FPram-Tyres-Emmaljunga-Mondial-Classic%2Fdp%2FB01EHQLQHI%2Fref%3Dsr_1_52_sspa%3Fdib%3DeyJ2IjoiMSJ9.G56y4h-fKvvtKimyeBXqdOOBYqpXkOaNs8wSGrjg1ZxjvXUEA5zcOAZNENUKZFzSxq48DDKv5khcTW52iZaRqz2bRQfAy2ggzgtnkBc7SGXPiJTTUHXHOTPVv_j34IyN3skkiRz3ezbqRXj4PG39AZ40rcPzMR6CXz7bOQURYtTrmtTLgpsKuoyK8Y860Q6WrwvDkJmLJCDRNovaKIFMYGjJucLUdtSIM0gnNOybQHo5ZwaC8pjWXadaP6JyZjsvwhyEu0EZLoGerc2y51ryj8aMePTvVA3bQu5wYEkgSmw.3zV3v2mw-5BIn8I4axJre1mb8BlmKwb_wIRY02llgqE%26dib_tag%3Dse%26keywords%3Dbaby%2Bproducts%26qid%3D1728512832%26sr%3D8-52-spons%26sp_csd%3Dd2lkZ2V0TmFtZT1zcF9hdGZfbmV4dA%26psc%3D1,N/A
SCANDINAVIAN BABY PRODUCTS Filibabba - Swim vest 3-4 years - Cool Summer,https://www.amazon.co.uk/SCANDINAVIAN-BABY-PRODUCTS-Filibabba-Summer/dp/B0C2KN14DV/ref=sr_1_53?dib=eyJ2IjoiMSJ9.G56y4h-fKvvtKimyeBXqdOOBYqpXkOaNs8wSGrjg1ZxjvXUEA5zcOAZNENUKZFzSxq48DDKv5khcTW52iZaRqz2bRQfAy2ggzgtnkBc7SGXPiJTTUHXHOTPVv_j34IyN3skkiRz3ezbqRXj4PG39AZ40rcPzMR6CXz7bOQURYtTrmtTLgpsKuoyK8Y860Q6WrwvDkJmLJCDRNovaKIFMYGjJucLUdtSIM0gnNOybQHo5ZwaC8pjWXadaP6JyZjsvwhyEu0EZLoGerc2y51ryj8aMePTvVA3bQu5wYEkgSmw.3zV3v2mw-5BIn8I4axJre1mb8BlmKwb_wIRY02llgqE&dib_tag=se&keywords=baby+products&qid=1728512832&sr=8-53,N/A
Rock Off officially licensed products Biggie Smalls Ankle Socks,https://www.amazon.co.uk/Rock-Off-officially-licensed-products/dp/B0CNH7VDHH/ref=sr_1_54?dib=eyJ2IjoiMSJ9.G56y4h-fKvvtKimyeBXqdOOBYqpXkOaNs8wSGrjg1ZxjvXUEA5zcOAZNENUKZFzSxq48DDKv5khcTW52iZaRqz2bRQfAy2ggzgtnkBc7SGXPiJTTUHXHOTPVv_j34IyN3skkiRz3ezbqRXj4PG39AZ40rcPzMR6CXz7bOQURYtTrmtTLgpsKuoyK8Y860Q6WrwvDkJmLJCDRNovaKIFMYGjJucLUdtSIM0gnNOybQHo5ZwaC8pjWXadaP6JyZjsvwhyEu0EZLoGerc2y51ryj8aMePTvVA3bQu5wYEkgSmw.3zV3v2mw-5BIn8I4axJre1mb8BlmKwb_wIRY02llgqE&dib_tag=se&keywords=baby+products&qid=1728512832&sr=8-54,N/A
"Lelekka Baby Wooden Toddler Plate Funny, Natural Product, Made in Europe",https://www.amazon.co.uk/Lelekka-Wooden-Toddler-Natural-Product/dp/B081NTDWMY/ref=sr_1_55?dib=eyJ2IjoiMSJ9.G56y4h-fKvvtKimyeBXqdOOBYqpXkOaNs8wSGrjg1ZxjvXUEA5zcOAZNENUKZFzSxq48DDKv5khcTW52iZaRqz2bRQfAy2ggzgtnkBc7SGXPiJTTUHXHOTPVv_j34IyN3skkiRz3ezbqRXj4PG39AZ40rcPzMR6CXz7bOQURYtTrmtTLgpsKuoyK8Y860Q6WrwvDkJmLJCDRNovaKIFMYGjJucLUdtSIM0gnNOybQHo5ZwaC8pjWXadaP6JyZjsvwhyEu0EZLoGerc2y51ryj8aMePTvVA3bQu5wYEkgSmw.3zV3v2mw-5BIn8I4axJre1mb8BlmKwb_wIRY02llgqE&dib_tag=se&keywords=baby+products&qid=1728512832&sr=8-55,N/A
SCANDINAVIAN BABY PRODUCTS Filibabba - Kids sunglasses in recycled plastic - Honey Gold,https://www.amazon.co.uk/Scandinavian-Baby-Products-Filibabba-sunglasses/dp/B0C2LCKB9T/ref=sr_1_56?dib=eyJ2IjoiMSJ9.G56y4h-fKvvtKimyeBXqdOOBYqpXkOaNs8wSGrjg1ZxjvXUEA5zcOAZNENUKZFzSxq48DDKv5khcTW52iZaRqz2bRQfAy2ggzgtnkBc7SGXPiJTTUHXHOTPVv_j34IyN3skkiRz3ezbqRXj4PG39AZ40rcPzMR6CXz7bOQURYtTrmtTLgpsKuoyK8Y860Q6WrwvDkJmLJCDRNovaKIFMYGjJucLUdtSIM0gnNOybQHo5ZwaC8pjWXadaP6JyZjsvwhyEu0EZLoGerc2y51ryj8aMePTvVA3bQu5wYEkgSmw.3zV3v2mw-5BIn8I4axJre1mb8BlmKwb_wIRY02llgqE&dib_tag=se&keywords=baby+products&qid=1728512832&sr=8-56,24.
Combo of Two Products Baby Girls Long Sleeve Cotton Tee and Jogger Pant and a Book Set - Multicoloured - 6 Years,https://www.amazon.co.uk/Combo-Products-Sleeve-Cotton-Jogger/dp/B08B13YCNT/ref=sr_1_57?dib=eyJ2IjoiMSJ9.G56y4h-fKvvtKimyeBXqdOOBYqpXkOaNs8wSGrjg1ZxjvXUEA5zcOAZNENUKZFzSxq48DDKv5khcTW52iZaRqz2bRQfAy2ggzgtnkBc7SGXPiJTTUHXHOTPVv_j34IyN3skkiRz3ezbqRXj4PG39AZ40rcPzMR6CXz7bOQURYtTrmtTLgpsKuoyK8Y860Q6WrwvDkJmLJCDRNovaKIFMYGjJucLUdtSIM0gnNOybQHo5ZwaC8pjWXadaP6JyZjsvwhyEu0EZLoGerc2y51ryj8aMePTvVA3bQu5wYEkgSmw.3zV3v2mw-5BIn8I4axJre1mb8BlmKwb_wIRY02llgqE&dib_tag=se&keywords=baby+products&qid=1728512832&sr=8-57,17.
"Snug A Babies Wonder Products Women Cat Slippers - Cute Kitty Slipper for Indoor Use - Animal Cat Face design - Soft, Lightweight and Comfortable Wear - Purr-fect gift, Cat, 5 Years",https://www.amazon.co.uk/Snug-Babies-Wonder-Products-Slippers/dp/B0BMVXN51R/ref=sr_1_58?dib=eyJ2IjoiMSJ9.G56y4h-fKvvtKimyeBXqdOOBYqpXkOaNs8wSGrjg1ZxjvXUEA5zcOAZNENUKZFzSxq48DDKv5khcTW52iZaRqz2bRQfAy2ggzgtnkBc7SGXPiJTTUHXHOTPVv_j34IyN3skkiRz3ezbqRXj4PG39AZ40rcPzMR6CXz7bOQURYtTrmtTLgpsKuoyK8Y860Q6WrwvDkJmLJCDRNovaKIFMYGjJucLUdtSIM0gnNOybQHo5ZwaC8pjWXadaP6JyZjsvwhyEu0EZLoGerc2y51ryj8aMePTvVA3bQu5wYEkgSmw.3zV3v2mw-5BIn8I4axJre1mb8BlmKwb_wIRY02llgqE&dib_tag=se&keywords=baby+products&qid=1728512832&sr=8-58,32.
Baby Products Baby Bottle Drying Rack Dustproof Bottle Rack Dryer Portable Bottle Drying Rack with Cover and Removable Drainer Tray Baby Bottle Storage for Baby Bottles Orange,https://www.amazon.co.uk/sspa/click?ie=UTF8&spc=MToyMzk4Mzk3MDI5NzcyNzQwOjE3Mjg1MTI4MzI6c3BfbXRmOjMwMDI5MzQ1MjE2NzYzMjo6MDo6&url=%2FProducts-Dustproof-Portable-Removable-Drainer%2Fdp%2FB0DCRWXSFN%2Fref%3Dsr_1_59_sspa%3Fdib%3DeyJ2IjoiMSJ9.G56y4h-fKvvtKimyeBXqdOOBYqpXkOaNs8wSGrjg1ZxjvXUEA5zcOAZNENUKZFzSxq48DDKv5khcTW52iZaRqz2bRQfAy2ggzgtnkBc7SGXPiJTTUHXHOTPVv_j34IyN3skkiRz3ezbqRXj4PG39AZ40rcPzMR6CXz7bOQURYtTrmtTLgpsKuoyK8Y860Q6WrwvDkJmLJCDRNovaKIFMYGjJucLUdtSIM0gnNOybQHo5ZwaC8pjWXadaP6JyZjsvwhyEu0EZLoGerc2y51ryj8aMePTvVA3bQu5wYEkgSmw.3zV3v2mw-5BIn8I4axJre1mb8BlmKwb_wIRY02llgqE%26dib_tag%3Dse%26keywords%3Dbaby%2Bproducts%26qid%3D1728512832%26sr%3D8-59-spons%26sp_csd%3Dd2lkZ2V0TmFtZT1zcF9tdGY%26psc%3D1,N/A
"TSG 1899 Hoffenheim ABS baby sock, fan product, 29-32",https://www.amazon.co.uk/1899-Hoffenheim-baby-product-29-32/dp/B00425YNH0/ref=sr_1_60?dib=eyJ2IjoiMSJ9.G56y4h-fKvvtKimyeBXqdOOBYqpXkOaNs8wSGrjg1ZxjvXUEA5zcOAZNENUKZFzSxq48DDKv5khcTW52iZaRqz2bRQfAy2ggzgtnkBc7SGXPiJTTUHXHOTPVv_j34IyN3skkiRz3ezbqRXj4PG39AZ40rcPzMR6CXz7bOQURYtTrmtTLgpsKuoyK8Y860Q6WrwvDkJmLJCDRNovaKIFMYGjJucLUdtSIM0gnNOybQHo5ZwaC8pjWXadaP6JyZjsvwhyEu0EZLoGerc2y51ryj8aMePTvVA3bQu5wYEkgSmw.3zV3v2mw-5BIn8I4axJre1mb8BlmKwb_wIRY02llgqE&dib_tag=se&keywords=baby+products&qid=1728512832&sr=8-60,N/A
"TSG 1899 Hoffenheim ABS baby sock, fan product, 21-24",https://www.amazon.co.uk/1899-Hoffenheim-baby-product-21-24/dp/B00425YNFM/ref=sr_1_61?dib=eyJ2IjoiMSJ9.G56y4h-fKvvtKimyeBXqdOOBYqpXkOaNs8wSGrjg1ZxjvXUEA5zcOAZNENUKZFzSxq48DDKv5khcTW52iZaRqz2bRQfAy2ggzgtnkBc7SGXPiJTTUHXHOTPVv_j34IyN3skkiRz3ezbqRXj4PG39AZ40rcPzMR6CXz7bOQURYtTrmtTLgpsKuoyK8Y860Q6WrwvDkJmLJCDRNovaKIFMYGjJucLUdtSIM0gnNOybQHo5ZwaC8pjWXadaP6JyZjsvwhyEu0EZLoGerc2y51ryj8aMePTvVA3bQu5wYEkgSmw.3zV3v2mw-5BIn8I4axJre1mb8BlmKwb_wIRY02llgqE&dib_tag=se&keywords=baby+products&qid=1728512832&sr=8-61,N/A
Infant Measure Gauge Shoes Size Measuring Baby Length Measure Fittings Ruler Tool Care Products,https://www.amazon.co.uk/Infant-Measure-Measuring-Fittings-Products/dp/B07ZWP4SKJ/ref=sr_1_62?dib=eyJ2IjoiMSJ9.G56y4h-fKvvtKimyeBXqdOOBYqpXkOaNs8wSGrjg1ZxjvXUEA5zcOAZNENUKZFzSxq48DDKv5khcTW52iZaRqz2bRQfAy2ggzgtnkBc7SGXPiJTTUHXHOTPVv_j34IyN3skkiRz3ezbqRXj4PG39AZ40rcPzMR6CXz7bOQURYtTrmtTLgpsKuoyK8Y860Q6WrwvDkJmLJCDRNovaKIFMYGjJucLUdtSIM0gnNOybQHo5ZwaC8pjWXadaP6JyZjsvwhyEu0EZLoGerc2y51ryj8aMePTvVA3bQu5wYEkgSmw.3zV3v2mw-5BIn8I4axJre1mb8BlmKwb_wIRY02llgqE&dib_tag=se&keywords=baby+products&qid=1728512832&sr=8-62,N/A
Infant Measure Gauge Shoes Size Measuring Baby Length Measure Fittings Ruler Tool Care Products,https://www.amazon.co.uk/Infant-Measure-Measuring-Fittings-Products/dp/B07ZWLKNLN/ref=sr_1_63?dib=eyJ2IjoiMSJ9.G56y4h-fKvvtKimyeBXqdOOBYqpXkOaNs8wSGrjg1ZxjvXUEA5zcOAZNENUKZFzSxq48DDKv5khcTW52iZaRqz2bRQfAy2ggzgtnkBc7SGXPiJTTUHXHOTPVv_j34IyN3skkiRz3ezbqRXj4PG39AZ40rcPzMR6CXz7bOQURYtTrmtTLgpsKuoyK8Y860Q6WrwvDkJmLJCDRNovaKIFMYGjJucLUdtSIM0gnNOybQHo5ZwaC8pjWXadaP6JyZjsvwhyEu0EZLoGerc2y51ryj8aMePTvVA3bQu5wYEkgSmw.3zV3v2mw-5BIn8I4axJre1mb8BlmKwb_wIRY02llgqE&dib_tag=se&keywords=baby+products&qid=1728512832&sr=8-63,N/A
Infant Measure Gauge Shoes Size Measuring Baby Length Measure Fittings Ruler Tool Care Products,https://www.amazon.co.uk/Infant-Measure-Measuring-Fittings-Products/dp/B07ZWPTLKK/ref=sr_1_64?dib=eyJ2IjoiMSJ9.G56y4h-fKvvtKimyeBXqdOOBYqpXkOaNs8wSGrjg1ZxjvXUEA5zcOAZNENUKZFzSxq48DDKv5khcTW52iZaRqz2bRQfAy2ggzgtnkBc7SGXPiJTTUHXHOTPVv_j34IyN3skkiRz3ezbqRXj4PG39AZ40rcPzMR6CXz7bOQURYtTrmtTLgpsKuoyK8Y860Q6WrwvDkJmLJCDRNovaKIFMYGjJucLUdtSIM0gnNOybQHo5ZwaC8pjWXadaP6JyZjsvwhyEu0EZLoGerc2y51ryj8aMePTvVA3bQu5wYEkgSmw.3zV3v2mw-5BIn8I4axJre1mb8BlmKwb_wIRY02llgqE&dib_tag=se&keywords=baby+products&qid=1728512832&sr=8-64,N/A
Infant Measure Gauge Shoes Size Measuring Baby Length Measure Fittings Ruler Tool Care Products,https://www.amazon.co.uk/Infant-Measure-Measuring-Fittings-Products/dp/B07ZWM2Z4Y/ref=sr_1_65?dib=eyJ2IjoiMSJ9.G56y4h-fKvvtKimyeBXqdOOBYqpXkOaNs8wSGrjg1ZxjvXUEA5zcOAZNENUKZFzSxq48DDKv5khcTW52iZaRqz2bRQfAy2ggzgtnkBc7SGXPiJTTUHXHOTPVv_j34IyN3skkiRz3ezbqRXj4PG39AZ40rcPzMR6CXz7bOQURYtTrmtTLgpsKuoyK8Y860Q6WrwvDkJmLJCDRNovaKIFMYGjJucLUdtSIM0gnNOybQHo5ZwaC8pjWXadaP6JyZjsvwhyEu0EZLoGerc2y51ryj8aMePTvVA3bQu5wYEkgSmw.3zV3v2mw-5BIn8I4axJre1mb8BlmKwb_wIRY02llgqE&dib_tag=se&keywords=baby+products&qid=1728512832&sr=8-65,N/A
Infant Measure Gauge Shoes Size Measuring Baby Length Measure Fittings Ruler Tool Care Products,https://www.amazon.co.uk/Infant-Measure-Measuring-Fittings-Products/dp/B07ZWL1B9M/ref=sr_1_66?dib=eyJ2IjoiMSJ9.G56y4h-fKvvtKimyeBXqdOOBYqpXkOaNs8wSGrjg1ZxjvXUEA5zcOAZNENUKZFzSxq48DDKv5khcTW52iZaRqz2bRQfAy2ggzgtnkBc7SGXPiJTTUHXHOTPVv_j34IyN3skkiRz3ezbqRXj4PG39AZ40rcPzMR6CXz7bOQURYtTrmtTLgpsKuoyK8Y860Q6WrwvDkJmLJCDRNovaKIFMYGjJucLUdtSIM0gnNOybQHo5ZwaC8pjWXadaP6JyZjsvwhyEu0EZLoGerc2y51ryj8aMePTvVA3bQu5wYEkgSmw.3zV3v2mw-5BIn8I4axJre1mb8BlmKwb_wIRY02llgqE&dib_tag=se&keywords=baby+products&qid=1728512832&sr=8-66,N/A
Infant Measure Gauge Shoes Size Measuring Baby Length Measure Fittings Ruler Tool Care Products,https://www.amazon.co.uk/Infant-Measure-Measuring-Fittings-Products/dp/B07ZWK4L8G/ref=sr_1_67?dib=eyJ2IjoiMSJ9.G56y4h-fKvvtKimyeBXqdOOBYqpXkOaNs8wSGrjg1ZxjvXUEA5zcOAZNENUKZFzSxq48DDKv5khcTW52iZaRqz2bRQfAy2ggzgtnkBc7SGXPiJTTUHXHOTPVv_j34IyN3skkiRz3ezbqRXj4PG39AZ40rcPzMR6CXz7bOQURYtTrmtTLgpsKuoyK8Y860Q6WrwvDkJmLJCDRNovaKIFMYGjJucLUdtSIM0gnNOybQHo5ZwaC8pjWXadaP6JyZjsvwhyEu0EZLoGerc2y51ryj8aMePTvVA3bQu5wYEkgSmw.3zV3v2mw-5BIn8I4axJre1mb8BlmKwb_wIRY02llgqE&dib_tag=se&keywords=baby+products&qid=1728512832&sr=8-67,N/A
Infant Measure Gauge Shoes Size Measuring Baby Length Measure Fittings Ruler Tool Care Products,https://www.amazon.co.uk/Infant-Measure-Measuring-Fittings-Products/dp/B07ZWCG53M/ref=sr_1_68?dib=eyJ2IjoiMSJ9.G56y4h-fKvvtKimyeBXqdOOBYqpXkOaNs8wSGrjg1ZxjvXUEA5zcOAZNENUKZFzSxq48DDKv5khcTW52iZaRqz2bRQfAy2ggzgtnkBc7SGXPiJTTUHXHOTPVv_j34IyN3skkiRz3ezbqRXj4PG39AZ40rcPzMR6CXz7bOQURYtTrmtTLgpsKuoyK8Y860Q6WrwvDkJmLJCDRNovaKIFMYGjJucLUdtSIM0gnNOybQHo5ZwaC8pjWXadaP6JyZjsvwhyEu0EZLoGerc2y51ryj8aMePTvVA3bQu5wYEkgSmw.3zV3v2mw-5BIn8I4axJre1mb8BlmKwb_wIRY02llgqE&dib_tag=se&keywords=baby+products&qid=1728512832&sr=8-68,N/A
Infant Measure Gauge Shoes Size Measuring Baby Length Measure Fittings Ruler Tool Care Products,https://www.amazon.co.uk/Infant-Measure-Measuring-Fittings-Products/dp/B07ZWM6S2P/ref=sr_1_69?dib=eyJ2IjoiMSJ9.G56y4h-fKvvtKimyeBXqdOOBYqpXkOaNs8wSGrjg1ZxjvXUEA5zcOAZNENUKZFzSxq48DDKv5khcTW52iZaRqz2bRQfAy2ggzgtnkBc7SGXPiJTTUHXHOTPVv_j34IyN3skkiRz3ezbqRXj4PG39AZ40rcPzMR6CXz7bOQURYtTrmtTLgpsKuoyK8Y860Q6WrwvDkJmLJCDRNovaKIFMYGjJucLUdtSIM0gnNOybQHo5ZwaC8pjWXadaP6JyZjsvwhyEu0EZLoGerc2y51ryj8aMePTvVA3bQu5wYEkgSmw.3zV3v2mw-5BIn8I4axJre1mb8BlmKwb_wIRY02llgqE&dib_tag=se&keywords=baby+products&qid=1728512832&sr=8-69,N/A
NUAN Sexy Panties Lingerie Hot Hollow Out Lingerie Products Plus Size Baby Doll Style 6 Red,https://www.amazon.co.uk/NUAN-Panties-Lingerie-Hollow-Products/dp/B083CQJMG4/ref=sr_1_70?dib=eyJ2IjoiMSJ9.G56y4h-fKvvtKimyeBXqdOOBYqpXkOaNs8wSGrjg1ZxjvXUEA5zcOAZNENUKZFzSxq48DDKv5khcTW52iZaRqz2bRQfAy2ggzgtnkBc7SGXPiJTTUHXHOTPVv_j34IyN3skkiRz3ezbqRXj4PG39AZ40rcPzMR6CXz7bOQURYtTrmtTLgpsKuoyK8Y860Q6WrwvDkJmLJCDRNovaKIFMYGjJucLUdtSIM0gnNOybQHo5ZwaC8pjWXadaP6JyZjsvwhyEu0EZLoGerc2y51ryj8aMePTvVA3bQu5wYEkgSmw.3zV3v2mw-5BIn8I4axJre1mb8BlmKwb_wIRY02llgqE&dib_tag=se&keywords=baby+products&qid=1728512832&sr=8-70,N/A
NUAN Sexy Panties Lingerie Hot Hollow Out Lingerie Products Plus Size Baby Doll Style 5 Black,https://www.amazon.co.uk/NUAN-Panties-Lingerie-Hollow-Products/dp/B083CZR4S6/ref=sr_1_71?dib=eyJ2IjoiMSJ9.G56y4h-fKvvtKimyeBXqdOOBYqpXkOaNs8wSGrjg1ZxjvXUEA5zcOAZNENUKZFzSxq48DDKv5khcTW52iZaRqz2bRQfAy2ggzgtnkBc7SGXPiJTTUHXHOTPVv_j34IyN3skkiRz3ezbqRXj4PG39AZ40rcPzMR6CXz7bOQURYtTrmtTLgpsKuoyK8Y860Q6WrwvDkJmLJCDRNovaKIFMYGjJucLUdtSIM0gnNOybQHo5ZwaC8pjWXadaP6JyZjsvwhyEu0EZLoGerc2y51ryj8aMePTvVA3bQu5wYEkgSmw.3zV3v2mw-5BIn8I4axJre1mb8BlmKwb_wIRY02llgqE&dib_tag=se&keywords=baby+products&qid=1728512832&sr=8-71,N/A
NUAN Sexy Panties Lingerie Hot Hollow Out Lingerie Products Plus Size Baby Doll Style 4 Black,https://www.amazon.co.uk/NUAN-Panties-Lingerie-Hollow-Products/dp/B083CTYZ4H/ref=sr_1_72?dib=eyJ2IjoiMSJ9.G56y4h-fKvvtKimyeBXqdOOBYqpXkOaNs8wSGrjg1ZxjvXUEA5zcOAZNENUKZFzSxq48DDKv5khcTW52iZaRqz2bRQfAy2ggzgtnkBc7SGXPiJTTUHXHOTPVv_j34IyN3skkiRz3ezbqRXj4PG39AZ40rcPzMR6CXz7bOQURYtTrmtTLgpsKuoyK8Y860Q6WrwvDkJmLJCDRNovaKIFMYGjJucLUdtSIM0gnNOybQHo5ZwaC8pjWXadaP6JyZjsvwhyEu0EZLoGerc2y51ryj8aMePTvVA3bQu5wYEkgSmw.3zV3v2mw-5BIn8I4axJre1mb8BlmKwb_wIRY02llgqE&dib_tag=se&keywords=baby+products&qid=1728512832&sr=8-72,N/A
"Arrows Design - Blissfully Soft Newborn Baby Fleece Fur Back Blankets - Great for Travel (car seat), Pram/Pushchair, Cot, Moses Basket (Yellow)",https://www.amazon.co.uk/sspa/click?ie=UTF8&spc=MToyMzk4Mzk3MDI5NzcyNzQwOjE3Mjg1MTI4MzI6c3BfYnRmOjIwMDI2NDI1ODAyODAyOjowOjo&url=%2FArrows-Design-Blissfully-Blankets-Pushchair%2Fdp%2FB07WMTBH5M%2Fref%3Dsr_1_73_sspa%3Fdib%3DeyJ2IjoiMSJ9.G56y4h-fKvvtKimyeBXqdOOBYqpXkOaNs8wSGrjg1ZxjvXUEA5zcOAZNENUKZFzSxq48DDKv5khcTW52iZaRqz2bRQfAy2ggzgtnkBc7SGXPiJTTUHXHOTPVv_j34IyN3skkiRz3ezbqRXj4PG39AZ40rcPzMR6CXz7bOQURYtTrmtTLgpsKuoyK8Y860Q6WrwvDkJmLJCDRNovaKIFMYGjJucLUdtSIM0gnNOybQHo5ZwaC8pjWXadaP6JyZjsvwhyEu0EZLoGerc2y51ryj8aMePTvVA3bQu5wYEkgSmw.3zV3v2mw-5BIn8I4axJre1mb8BlmKwb_wIRY02llgqE%26dib_tag%3Dse%26keywords%3Dbaby%2Bproducts%26qid%3D1728512832%26sr%3D8-73-spons%26sp_csd%3Dd2lkZ2V0TmFtZT1zcF9idGY%26psc%3D1,N/A
"8Pcs/Set Baby Grooming Kit, Baby Healthcare And Grooming Kit, Safe Baby Nail Kit Hair Thermometer Set Newborn Nursery Essential with Storage Case 1",https://www.amazon.co.uk/sspa/click?ie=UTF8&spc=MToyMzk4Mzk3MDI5NzcyNzQwOjE3Mjg1MTI4MzI6c3BfYnRmOjMwMDIxMDAyMjk0NTUzMjo6MDo6&url=%2FGrooming-Healthcare-Thermometer-Newborn-Essential%2Fdp%2FB0CQ4R53BK%2Fref%3Dsr_1_74_sspa%3Fdib%3DeyJ2IjoiMSJ9.G56y4h-fKvvtKimyeBXqdOOBYqpXkOaNs8wSGrjg1ZxjvXUEA5zcOAZNENUKZFzSxq48DDKv5khcTW52iZaRqz2bRQfAy2ggzgtnkBc7SGXPiJTTUHXHOTPVv_j34IyN3skkiRz3ezbqRXj4PG39AZ40rcPzMR6CXz7bOQURYtTrmtTLgpsKuoyK8Y860Q6WrwvDkJmLJCDRNovaKIFMYGjJucLUdtSIM0gnNOybQHo5ZwaC8pjWXadaP6JyZjsvwhyEu0EZLoGerc2y51ryj8aMePTvVA3bQu5wYEkgSmw.3zV3v2mw-5BIn8I4axJre1mb8BlmKwb_wIRY02llgqE%26dib_tag%3Dse%26keywords%3Dbaby%2Bproducts%26qid%3D1728512832%26sr%3D8-74-spons%26sp_csd%3Dd2lkZ2V0TmFtZT1zcF9idGY%26psc%3D1,N/A
3D DIY Footprint Imprint Infant Baby Non-toxic Photo Frame Souvenirs Gifts Soft Clay Handprint Kit Casting Home Decor,https://www.amazon.co.uk/sspa/click?ie=UTF8&spc=MToyMzk4Mzk3MDI5NzcyNzQwOjE3Mjg1MTI4MzI6c3BfYnRmOjIwMDY1MjIwNDk5MzA3OjowOjo&url=%2FBYFRI-Footprint-Non-toxic-Souvenirs-Handprint%2Fdp%2FB08JGJX5ZC%2Fref%3Dsr_1_75_sspa%3Fdib%3DeyJ2IjoiMSJ9.G56y4h-fKvvtKimyeBXqdOOBYqpXkOaNs8wSGrjg1ZxjvXUEA5zcOAZNENUKZFzSxq48DDKv5khcTW52iZaRqz2bRQfAy2ggzgtnkBc7SGXPiJTTUHXHOTPVv_j34IyN3skkiRz3ezbqRXj4PG39AZ40rcPzMR6CXz7bOQURYtTrmtTLgpsKuoyK8Y860Q6WrwvDkJmLJCDRNovaKIFMYGjJucLUdtSIM0gnNOybQHo5ZwaC8pjWXadaP6JyZjsvwhyEu0EZLoGerc2y51ryj8aMePTvVA3bQu5wYEkgSmw.3zV3v2mw-5BIn8I4axJre1mb8BlmKwb_wIRY02llgqE%26dib_tag%3Dse%26keywords%3Dbaby%2Bproducts%26qid%3D1728512832%26sr%3D8-75-spons%26sp_csd%3Dd2lkZ2V0TmFtZT1zcF9idGY%26psc%3D1,N/A
"Puj Snug Tap Cover – Baby Bath time Safe Accessories, Child Bathroom Safety and Protection, BPA Free PVC Free White",https://www.amazon.co.uk/sspa/click?ie=UTF8&spc=MToyMzk4Mzk3MDI5NzcyNzQwOjE3Mjg1MTI4MzI6c3BfYnRmOjIwMDU0MTA4NzAwODk4OjowOjo&url=%2FPuj-Ultra-Cover-Mildew-Resistant%2Fdp%2FB008TWGMDA%2Fref%3Dsr_1_76_sspa%3Fdib%3DeyJ2IjoiMSJ9.G56y4h-fKvvtKimyeBXqdOOBYqpXkOaNs8wSGrjg1ZxjvXUEA5zcOAZNENUKZFzSxq48DDKv5khcTW52iZaRqz2bRQfAy2ggzgtnkBc7SGXPiJTTUHXHOTPVv_j34IyN3skkiRz3ezbqRXj4PG39AZ40rcPzMR6CXz7bOQURYtTrmtTLgpsKuoyK8Y860Q6WrwvDkJmLJCDRNovaKIFMYGjJucLUdtSIM0gnNOybQHo5ZwaC8pjWXadaP6JyZjsvwhyEu0EZLoGerc2y51ryj8aMePTvVA3bQu5wYEkgSmw.3zV3v2mw-5BIn8I4axJre1mb8BlmKwb_wIRY02llgqE%26dib_tag%3Dse%26keywords%3Dbaby%2Bproducts%26qid%3D1728512832%26sr%3D8-76-spons%26sp_csd%3Dd2lkZ2V0TmFtZT1zcF9idGY%26psc%3D1,N/A
"Baby Grooming Kit, Travel Daily Care Baby Stuff Kit, Baby for Newborn Heath & Grooming, Blue",https://www.amazon.co.uk/sspa/click?ie=UTF8&spc=MTo0MTY4ODkxNjAxMjQ0NjQ2OjE3Mjg1MTI4MzU6c3BfYXRmX25leHQ6MzAwMTA3NDk1NjU1MjMyOjowOjo&url=%2FGrooming-Travel-Daily-Essentials-Newborn%2Fdp%2FB09CDH5WS9%2Fref%3Dsr_1_97_sspa%3Fkeywords%3Dbaby%2Bproducts%26qid%3D1728512835%26sr%3D8-97-spons%26sp_csd%3Dd2lkZ2V0TmFtZT1zcF9hdGZfbmV4dA%26psc%3D1,N/A
20cmx15cm Baby Changing (Self Adhesive Sticker Label Sign),https://www.amazon.co.uk/sspa/click?ie=UTF8&spc=MTo0MTY4ODkxNjAxMjQ0NjQ2OjE3Mjg1MTI4MzU6c3BfYXRmX25leHQ6MTUwMTYwMjc4NTAwMDI6OjA6Og&url=%2F20cmx15cm-Changing-Adhesive-Sticker-Label%2Fdp%2FB00Z0NJ4B8%2Fref%3Dsr_1_98_sspa%3Fkeywords%3Dbaby%2Bproducts%26qid%3D1728512835%26sr%3D8-98-spons%26sp_csd%3Dd2lkZ2V0TmFtZT1zcF9hdGZfbmV4dA%26psc%3D1,N/A
Generise Storage Bag for Pram Pushchair Stroller Cup Holder Baby Travel Buggy Organiser,https://www.amazon.co.uk/sspa/click?ie=UTF8&spc=MTo0MTY4ODkxNjAxMjQ0NjQ2OjE3Mjg1MTI4MzU6c3BfYXRmX25leHQ6MzAwMjA3MjM4NjMzMDMyOjowOjo&url=%2FGenerise-Storage-Pushchair-Stroller-Organiser%2Fdp%2FB084VS6T95%2Fref%3Dsr_1_99_sspa%3Fkeywords%3Dbaby%2Bproducts%26qid%3D1728512835%26sr%3D8-99-spons%26sp_csd%3Dd2lkZ2V0TmFtZT1zcF9hdGZfbmV4dA%26psc%3D1,6.
2X Pram Tyres 12 1/2 X 2 1/4 Emmaljunga Edge Mondial Classic Baby Dan ...,https://www.amazon.co.uk/sspa/click?ie=UTF8&spc=MTo0MTY4ODkxNjAxMjQ0NjQ2OjE3Mjg1MTI4MzU6c3BfYXRmX25leHQ6MjAwNjkwOTY0MDg0MDE6OjA6Og&url=%2FPram-Tyres-Emmaljunga-Mondial-Classic%2Fdp%2FB01EHQLQHI%2Fref%3Dsr_1_100_sspa%3Fkeywords%3Dbaby%2Bproducts%26qid%3D1728512835%26sr%3D8-100-spons%26sp_csd%3Dd2lkZ2V0TmFtZT1zcF9hdGZfbmV4dA%26psc%3D1,N/A
Baby Products Baby Bottle Drying Rack Dustproof Bottle Rack Dryer Portable Bottle Drying Rack with Cover and Removable Drainer Tray Baby Bottle Storage for Baby Bottles Orange,https://www.amazon.co.uk/sspa/click?ie=UTF8&spc=MTo0MTY4ODkxNjAxMjQ0NjQ2OjE3Mjg1MTI4MzU6c3BfYnRmOjMwMDI5MzQ1MjE2NzYzMjo6MDo6&url=%2FProducts-Dustproof-Portable-Removable-Drainer%2Fdp%2FB0DCRWXSFN%2Fref%3Dsr_1_101_sspa%3Fkeywords%3Dbaby%2Bproducts%26qid%3D1728512835%26sr%3D8-101-spons%26sp_csd%3Dd2lkZ2V0TmFtZT1zcF9idGY%26psc%3D1,N/A
"Arrows Design - Blissfully Soft Newborn Baby Fleece Fur Back Blankets - Great for Travel (car seat), Pram/Pushchair, Cot, Moses Basket (Yellow)",https://www.amazon.co.uk/sspa/click?ie=UTF8&spc=MTo0MTY4ODkxNjAxMjQ0NjQ2OjE3Mjg1MTI4MzU6c3BfYnRmOjIwMDI2NDI1ODAyODAyOjowOjo&url=%2FArrows-Design-Blissfully-Blankets-Pushchair%2Fdp%2FB07WMTBH5M%2Fref%3Dsr_1_102_sspa%3Fkeywords%3Dbaby%2Bproducts%26qid%3D1728512835%26sr%3D8-102-spons%26sp_csd%3Dd2lkZ2V0TmFtZT1zcF9idGY%26psc%3D1,N/A
Lokomobile,https://www.amazon.co.uk/sspa/click?ie=UTF8&spc=MTo0MTY4ODkxNjAxMjQ0NjQ2OjE3Mjg1MTI4MzU6c3BfYnRmOjIwMDUwODg4MTQwNTk4OjowOjo&url=%2FFlensted-f30103-Lokomobile%2Fdp%2FB000PJ76NU%2Fref%3Dsr_1_103_sspa%3Fkeywords%3Dbaby%2Bproducts%26qid%3D1728512835%26sr%3D8-103-spons%26sp_csd%3Dd2lkZ2V0TmFtZT1zcF9idGY%26psc%3D1,N/A
3D DIY Footprint Imprint Infant Baby Non-toxic Photo Frame Souvenirs Gifts Soft Clay Handprint Kit Casting Home Decor,https://www.amazon.co.uk/sspa/click?ie=UTF8&spc=MTo0MTY4ODkxNjAxMjQ0NjQ2OjE3Mjg1MTI4MzU6c3BfYnRmOjIwMDY1MjIwNDk5MzA3OjowOjo&url=%2FBYFRI-Footprint-Non-toxic-Souvenirs-Handprint%2Fdp%2FB08JGJX5ZC%2Fref%3Dsr_1_104_sspa%3Fkeywords%3Dbaby%2Bproducts%26qid%3D1728512835%26sr%3D8-104-spons%26sp_csd%3Dd2lkZ2V0TmFtZT1zcF9idGY%26psc%3D1,N/A
20cmx15cm Baby Changing (Self Adhesive Sticker Label Sign),https://www.amazon.co.uk/sspa/click?ie=UTF8&spc=MToyOTA5MTM3NTMxNDcyMTc4OjE3Mjg1MTI4Mzg6c3BfYXRmX25leHQ6MTUwMTYwMjc4NTAwMDI6OjA6Og&url=%2F20cmx15cm-Changing-Adhesive-Sticker-Label%2Fdp%2FB00Z0NJ4B8%2Fref%3Dsr_1_145_sspa%3Fkeywords%3Dbaby%2Bproducts%26qid%3D1728512838%26sr%3D8-145-spons%26sp_csd%3Dd2lkZ2V0TmFtZT1zcF9hdGZfbmV4dA%26psc%3D1,N/A
"Baby Grooming Kit, Travel Daily Care Baby Stuff Kit, Baby for Newborn Heath & Grooming, Blue",https://www.amazon.co.uk/sspa/click?ie=UTF8&spc=MToyOTA5MTM3NTMxNDcyMTc4OjE3Mjg1MTI4Mzg6c3BfYXRmX25leHQ6MzAwMTA3NDk1NjU1MjMyOjowOjo&url=%2FGrooming-Travel-Daily-Essentials-Newborn%2Fdp%2FB09CDH5WS9%2Fref%3Dsr_1_146_sspa%3Fkeywords%3Dbaby%2Bproducts%26qid%3D1728512838%26sr%3D8-146-spons%26sp_csd%3Dd2lkZ2V0TmFtZT1zcF9hdGZfbmV4dA%26psc%3D1,N/A
2X Pram Tyres 12 1/2 X 2 1/4 Emmaljunga Edge Mondial Classic Baby Dan ...,https://www.amazon.co.uk/sspa/click?ie=UTF8&spc=MToyOTA5MTM3NTMxNDcyMTc4OjE3Mjg1MTI4Mzg6c3BfYXRmX25leHQ6MjAwNjkwOTY0MDg0MDE6OjA6Og&url=%2FPram-Tyres-Emmaljunga-Mondial-Classic%2Fdp%2FB01EHQLQHI%2Fref%3Dsr_1_147_sspa%3Fkeywords%3Dbaby%2Bproducts%26qid%3D1728512838%26sr%3D8-147-spons%26sp_csd%3Dd2lkZ2V0TmFtZT1zcF9hdGZfbmV4dA%26psc%3D1,N/A
Baby Products Baby Bottle Drying Rack Dustproof Bottle Rack Dryer Portable Bottle Drying Rack with Cover and Removable Drainer Tray Baby Bottle Storage for Baby Bottles Orange,https://www.amazon.co.uk/sspa/click?ie=UTF8&spc=MToyOTA5MTM3NTMxNDcyMTc4OjE3Mjg1MTI4Mzg6c3BfYXRmX25leHQ6MzAwMjkzNDUyMTY3NjMyOjowOjo&url=%2FProducts-Dustproof-Portable-Removable-Drainer%2Fdp%2FB0DCRWXSFN%2Fref%3Dsr_1_148_sspa%3Fkeywords%3Dbaby%2Bproducts%26qid%3D1728512838%26sr%3D8-148-spons%26sp_csd%3Dd2lkZ2V0TmFtZT1zcF9hdGZfbmV4dA%26psc%3D1,N/A
"Arrows Design - Blissfully Soft Newborn Baby Fleece Fur Back Blankets - Great for Travel (car seat), Pram/Pushchair, Cot, Moses Basket (Yellow)",https://www.amazon.co.uk/sspa/click?ie=UTF8&spc=MToyOTA5MTM3NTMxNDcyMTc4OjE3Mjg1MTI4Mzg6c3BfYnRmOjIwMDI2NDI1ODAyODAyOjowOjo&url=%2FArrows-Design-Blissfully-Blankets-Pushchair%2Fdp%2FB07WMTBH5M%2Fref%3Dsr_1_149_sspa%3Fkeywords%3Dbaby%2Bproducts%26qid%3D1728512838%26sr%3D8-149-spons%26sp_csd%3Dd2lkZ2V0TmFtZT1zcF9idGY%26psc%3D1,N/A
Generise Storage Bag for Pram Pushchair Stroller Cup Holder Baby Travel Buggy Organiser,https://www.amazon.co.uk/sspa/click?ie=UTF8&spc=MToyOTA5MTM3NTMxNDcyMTc4OjE3Mjg1MTI4Mzg6c3BfYnRmOjMwMDIwNzIzODYzMzAzMjo6MDo6&url=%2FGenerise-Storage-Pushchair-Stroller-Organiser%2Fdp%2FB084VS6T95%2Fref%3Dsr_1_150_sspa%3Fkeywords%3Dbaby%2Bproducts%26qid%3D1728512838%26sr%3D8-150-spons%26sp_csd%3Dd2lkZ2V0TmFtZT1zcF9idGY%26psc%3D1,6.
3D DIY Footprint Imprint Infant Baby Non-toxic Photo Frame Souvenirs Gifts Soft Clay Handprint Kit Casting Home Decor,https://www.amazon.co.uk/sspa/click?ie=UTF8&spc=MToyOTA5MTM3NTMxNDcyMTc4OjE3Mjg1MTI4Mzg6c3BfYnRmOjIwMDY1MjIwNDk5MzA3OjowOjo&url=%2FBYFRI-Footprint-Non-toxic-Souvenirs-Handprint%2Fdp%2FB08JGJX5ZC%2Fref%3Dsr_1_151_sspa%3Fkeywords%3Dbaby%2Bproducts%26qid%3D1728512838%26sr%3D8-151-spons%26sp_csd%3Dd2lkZ2V0TmFtZT1zcF9idGY%26psc%3D1,N/A
"8Pcs/Set Baby Grooming Kit, Baby Healthcare And Grooming Kit, Safe Baby Nail Kit Hair Thermometer Set Newborn Nursery Essential with Storage Case 1",https://www.amazon.co.uk/sspa/click?ie=UTF8&spc=MToyOTA5MTM3NTMxNDcyMTc4OjE3Mjg1MTI4Mzg6c3BfYnRmOjMwMDIxMDAyMjk0NTUzMjo6MDo6&url=%2FGrooming-Healthcare-Thermometer-Newborn-Essential%2Fdp%2FB0CQ4R53BK%2Fref%3Dsr_1_152_sspa%3Fkeywords%3Dbaby%2Bproducts%26qid%3D1728512838%26sr%3D8-152-spons%26sp_csd%3Dd2lkZ2V0TmFtZT1zcF9idGY%26psc%3D1,N/A
20cmx15cm Baby Changing (Self Adhesive Sticker Label Sign),https://www.amazon.co.uk/sspa/click?ie=UTF8&spc=MTo0MzgwMDA3MTU0NDg1NTIxOjE3Mjg1MTI4NDI6c3BfYXRmX25leHQ6MTUwMTYwMjc4NTAwMDI6OjA6Og&url=%2F20cmx15cm-Changing-Adhesive-Sticker-Label%2Fdp%2FB00Z0NJ4B8%2Fref%3Dsr_1_193_sspa%3Fkeywords%3Dbaby%2Bproducts%26qid%3D1728512842%26sr%3D8-193-spons%26sp_csd%3Dd2lkZ2V0TmFtZT1zcF9hdGZfbmV4dA%26psc%3D1,N/A
"Baby Grooming Kit, Travel Daily Care Baby Stuff Kit, Baby for Newborn Heath & Grooming, Blue",https://www.amazon.co.uk/sspa/click?ie=UTF8&spc=MTo0MzgwMDA3MTU0NDg1NTIxOjE3Mjg1MTI4NDI6c3BfYXRmX25leHQ6MzAwMTA3NDk1NjU1MjMyOjowOjo&url=%2FGrooming-Travel-Daily-Essentials-Newborn%2Fdp%2FB09CDH5WS9%2Fref%3Dsr_1_194_sspa%3Fkeywords%3Dbaby%2Bproducts%26qid%3D1728512842%26sr%3D8-194-spons%26sp_csd%3Dd2lkZ2V0TmFtZT1zcF9hdGZfbmV4dA%26psc%3D1,N/A
Generise Storage Bag for Pram Pushchair Stroller Cup Holder Baby Travel Buggy Organiser,https://www.amazon.co.uk/sspa/click?ie=UTF8&spc=MTo0MzgwMDA3MTU0NDg1NTIxOjE3Mjg1MTI4NDI6c3BfYXRmX25leHQ6MzAwMjA3MjM4NjMzMDMyOjowOjo&url=%2FGenerise-Storage-Pushchair-Stroller-Organiser%2Fdp%2FB084VS6T95%2Fref%3Dsr_1_195_sspa%3Fkeywords%3Dbaby%2Bproducts%26qid%3D1728512842%26sr%3D8-195-spons%26sp_csd%3Dd2lkZ2V0TmFtZT1zcF9hdGZfbmV4dA%26psc%3D1,6.
2X Pram Tyres 12 1/2 X 2 1/4 Emmaljunga Edge Mondial Classic Baby Dan ...,https://www.amazon.co.uk/sspa/click?ie=UTF8&spc=MTo0MzgwMDA3MTU0NDg1NTIxOjE3Mjg1MTI4NDI6c3BfYXRmX25leHQ6MjAwNjkwOTY0MDg0MDE6OjA6Og&url=%2FPram-Tyres-Emmaljunga-Mondial-Classic%2Fdp%2FB01EHQLQHI%2Fref%3Dsr_1_196_sspa%3Fkeywords%3Dbaby%2Bproducts%26qid%3D1728512842%26sr%3D8-196-spons%26sp_csd%3Dd2lkZ2V0TmFtZT1zcF9hdGZfbmV4dA%26psc%3D1,N/A
Baby Products Baby Bottle Drying Rack Dustproof Bottle Rack Dryer Portable Bottle Drying Rack with Cover and Removable Drainer Tray Baby Bottle Storage for Baby Bottles Orange,https://www.amazon.co.uk/sspa/click?ie=UTF8&spc=MTo0MzgwMDA3MTU0NDg1NTIxOjE3Mjg1MTI4NDI6c3BfbXRmOjMwMDI5MzQ1MjE2NzYzMjo6MDo6&url=%2FProducts-Dustproof-Portable-Removable-Drainer%2Fdp%2FB0DCRWXSFN%2Fref%3Dsr_1_197_sspa%3Fkeywords%3Dbaby%2Bproducts%26qid%3D1728512842%26sr%3D8-197-spons%26sp_csd%3Dd2lkZ2V0TmFtZT1zcF9tdGY%26psc%3D1,N/A
"Arrows Design - Blissfully Soft Newborn Baby Fleece Fur Back Blankets - Great for Travel (car seat), Pram/Pushchair, Cot, Moses Basket (Yellow)",https://www.amazon.co.uk/sspa/click?ie=UTF8&spc=MTo0MzgwMDA3MTU0NDg1NTIxOjE3Mjg1MTI4NDI6c3BfYnRmOjIwMDI2NDI1ODAyODAyOjowOjo&url=%2FArrows-Design-Blissfully-Blankets-Pushchair%2Fdp%2FB07WMTBH5M%2Fref%3Dsr_1_198_sspa%3Fkeywords%3Dbaby%2Bproducts%26qid%3D1728512842%26sr%3D8-198-spons%26sp_csd%3Dd2lkZ2V0TmFtZT1zcF9idGY%26psc%3D1,N/A
3D DIY Footprint Imprint Infant Baby Non-toxic Photo Frame Souvenirs Gifts Soft Clay Handprint Kit Casting Home Decor,https://www.amazon.co.uk/sspa/click?ie=UTF8&spc=MTo0MzgwMDA3MTU0NDg1NTIxOjE3Mjg1MTI4NDI6c3BfYnRmOjIwMDY1MjIwNDk5MzA3OjowOjo&url=%2FBYFRI-Footprint-Non-toxic-Souvenirs-Handprint%2Fdp%2FB08JGJX5ZC%2Fref%3Dsr_1_199_sspa%3Fkeywords%3Dbaby%2Bproducts%26qid%3D1728512842%26sr%3D8-199-spons%26sp_csd%3Dd2lkZ2V0TmFtZT1zcF9idGY%26psc%3D1,N/A
"8Pcs/Set Baby Grooming Kit, Baby Healthcare And Grooming Kit, Safe Baby Nail Kit Hair Thermometer Set Newborn Nursery Essential with Storage Case 1",https://www.amazon.co.uk/sspa/click?ie=UTF8&spc=MTo0MzgwMDA3MTU0NDg1NTIxOjE3Mjg1MTI4NDI6c3BfYnRmOjMwMDIxMDAyMjk0NTUzMjo6MDo6&url=%2FGrooming-Healthcare-Thermometer-Newborn-Essential%2Fdp%2FB0CQ4R53BK%2Fref%3Dsr_1_200_sspa%3Fkeywords%3Dbaby%2Bproducts%26qid%3D1728512842%26sr%3D8-200-spons%26sp_csd%3Dd2lkZ2V0TmFtZT1zcF9idGY%26psc%3D1,N/A
"6 in 1 Travel Bottle Cleaner Kit Includes Silicone Baby Bottle Brush, Straw Brush, Nipple Brush, Drying Rack, Soap Dispenser and Storage Box, Portable Baby Essentional for Home & Travel",https://www.amazon.co.uk/sspa/click?ie=UTF8&spc=MTo0MzgwMDA3MTU0NDg1NTIxOjE3Mjg1MTI4NDI6c3BfYnRmOjMwMDI0NjE3NzY5MTkzMjo6MDo6&url=%2FCleaner-Silicone-Dispenser-Portable-Essentional%2Fdp%2FB0CY2R57NP%2Fref%3Dsr_1_201_sspa%3Fkeywords%3Dbaby%2Bproducts%26qid%3D1728512842%26sr%3D8-201-spons%26sp_csd%3Dd2lkZ2V0TmFtZT1zcF9idGY%26psc%3D1,N/A
